-- phpMyAdmin SQL Dump
-- version 5.0.3
-- https://www.phpmyadmin.net/
--
-- Servidor: 127.0.0.1
-- Tiempo de generación: 09-02-2022 a las 18:17:29
-- Versión del servidor: 10.4.14-MariaDB
-- Versión de PHP: 7.2.34

SET SQL_MODE = "NO_AUTO_VALUE_ON_ZERO";
START TRANSACTION;
SET time_zone = "+00:00";


/*!40101 SET @OLD_CHARACTER_SET_CLIENT=@@CHARACTER_SET_CLIENT */;
/*!40101 SET @OLD_CHARACTER_SET_RESULTS=@@CHARACTER_SET_RESULTS */;
/*!40101 SET @OLD_COLLATION_CONNECTION=@@COLLATION_CONNECTION */;
/*!40101 SET NAMES utf8mb4 */;

--
-- Base de datos: `bd_horarios_exam`
--

-- --------------------------------------------------------

--
-- Estructura de tabla para la tabla `grupos`
--

CREATE TABLE `grupos` (
  `id_grupo` int(11) NOT NULL,
  `nombre` varchar(40) COLLATE utf8_spanish2_ci NOT NULL
) ENGINE=InnoDB DEFAULT CHARSET=utf8 COLLATE=utf8_spanish2_ci;

--
-- Volcado de datos para la tabla `grupos`
--

INSERT INTO `grupos` (`id_grupo`, `nombre`) VALUES
(1, '1ESO A'),
(2, '1ESO B'),
(3, '1ESO C'),
(4, '1ESO D'),
(5, '1ESO E'),
(6, '1ESO F'),
(7, '1ESO G'),
(8, '1ESO H'),
(9, '2ESO A'),
(10, '2ESO B'),
(11, '2ESO C'),
(12, '2ESO D'),
(13, '2ESO E'),
(14, '2ESO F'),
(15, '2ESO G'),
(16, '3ESO A'),
(17, '3ESO C'),
(18, '3ESO B'),
(20, '3ESO D'),
(21, '3ESO E'),
(22, '3ESO F'),
(23, '3ESO G'),
(24, '4ESO A'),
(25, '4ESO B'),
(26, '4ESO C'),
(27, '4ESO D'),
(28, '4ESO E'),
(29, '4ESO F'),
(30, '1 FPB'),
(31, '2 FPB'),
(32, '1 BS A'),
(33, '1 BS B'),
(34, '1 BSH'),
(35, '1 BCT'),
(36, '1 B. ARTES'),
(37, '2 B. ARTES'),
(38, '2 BS'),
(39, '2 BSH'),
(40, '2 BCT'),
(41, '1 GA A'),
(42, '1 ITE'),
(43, '1 SMR'),
(44, '2 GA'),
(45, '2 ITE'),
(46, '2 SMR'),
(47, '1 AFI A'),
(48, '1 DWA'),
(49, '2 AFI A'),
(50, '2 DAW'),
(51, 'GUARD'),
(52, 'FDIR'),
(53, 'GEXP'),
(54, 'GJE'),
(55, '2 BPA'),
(56, '2 ESPA'),
(57, 'GBIB'),
(58, 'GCON'),
(59, '1 BPA'),
(60, 'GRECBIB'),
(61, 'GJEREC'),
(62, 'GREC-0'),
(63, '1 GA B'),
(64, '1 AFI B'),
(65, '2 AFI B'),
(66, 'GREC-1'),
(67, 'GREC-2'),
(68, 'GREC-3'),
(69, 'GREC-4'),
(70, 'GREC-5'),
(71, 'GREC-6'),
(72, 'GREC-7'),
(73, 'GREC-8'),
(74, 'GREC-9');

-- --------------------------------------------------------

--
-- Estructura de tabla para la tabla `horario_lectivo`
--

CREATE TABLE `horario_lectivo` (
  `id_horario` int(11) NOT NULL,
  `usuario` int(11) NOT NULL,
  `dia` int(1) NOT NULL,
  `hora` int(2) NOT NULL,
  `grupo` int(11) NOT NULL,
  `aula` varchar(30) NOT NULL
) ENGINE=InnoDB DEFAULT CHARSET=utf8mb4;

--
-- Volcado de datos para la tabla `horario_lectivo`
--

INSERT INTO `horario_lectivo` (`id_horario`, `usuario`, `dia`, `hora`, `grupo`, `aula`) VALUES
(1, 100, 3, 3, 37, 'PATIO 2'),
(2, 100, 5, 7, 37, 'PATIO 3'),
(3, 100, 2, 6, 38, 'PATIO 1'),
(4, 100, 5, 3, 38, 'PATIO 1'),
(5, 100, 3, 3, 39, 'PATIO 2'),
(6, 100, 5, 7, 39, 'PATIO 3'),
(7, 100, 1, 6, 40, 'PATIO 3'),
(8, 100, 3, 7, 40, 'PATIO 2'),
(9, 117, 2, 18, 56, '112'),
(10, 117, 4, 16, 56, '112'),
(11, 117, 4, 18, 56, '112'),
(12, 89, 2, 11, 56, '112'),
(13, 89, 4, 11, 56, '112'),
(14, 89, 4, 13, 56, '112'),
(15, 57, 2, 13, 56, '112'),
(16, 57, 2, 16, 56, '112'),
(17, 79, 3, 6, 35, '522'),
(18, 79, 5, 6, 35, '522'),
(19, 19, 1, 7, 31, '105'),
(20, 19, 2, 5, 31, '105'),
(21, 19, 2, 6, 31, '105'),
(22, 19, 3, 7, 31, '105'),
(23, 19, 4, 5, 31, '105'),
(24, 19, 5, 3, 31, '105'),
(25, 19, 5, 5, 31, '105'),
(26, 115, 1, 6, 43, '102'),
(27, 115, 1, 7, 43, '102'),
(28, 115, 2, 6, 43, '102'),
(29, 115, 2, 7, 43, '102'),
(30, 115, 3, 6, 43, '102'),
(31, 115, 4, 6, 43, '102'),
(32, 115, 5, 5, 43, '102'),
(33, 115, 5, 6, 43, '102'),
(34, 37, 2, 3, 46, '314'),
(35, 37, 2, 5, 46, '314'),
(36, 37, 5, 6, 46, '314'),
(37, 37, 5, 7, 46, '314'),
(38, 41, 1, 1, 31, '105'),
(39, 41, 2, 7, 31, '105'),
(40, 41, 3, 6, 31, '105'),
(41, 41, 4, 7, 31, '105'),
(42, 41, 5, 6, 31, '105'),
(43, 41, 3, 7, 30, '203'),
(44, 41, 5, 7, 30, '203'),
(45, 121, 1, 1, 48, '103'),
(46, 121, 1, 2, 48, '103'),
(47, 121, 2, 1, 48, '103'),
(48, 121, 2, 2, 48, '103'),
(49, 121, 4, 1, 48, '103'),
(50, 121, 4, 2, 48, '103'),
(51, 79, 1, 5, 40, '526'),
(52, 79, 2, 1, 40, '526'),
(53, 79, 4, 6, 40, '526'),
(54, 79, 5, 5, 40, '526'),
(55, 32, 1, 3, 35, '601'),
(56, 32, 2, 5, 35, '601'),
(57, 32, 3, 3, 35, '601'),
(58, 32, 5, 1, 35, '601'),
(59, 7, 1, 1, 1, '401'),
(60, 7, 3, 1, 1, '401'),
(61, 7, 4, 1, 1, '401'),
(62, 24, 1, 7, 2, '403'),
(63, 24, 2, 6, 2, '403'),
(64, 24, 4, 7, 2, '403'),
(65, 24, 2, 7, 3, '405'),
(66, 24, 3, 6, 3, '405'),
(67, 24, 5, 3, 3, '405'),
(68, 24, 1, 5, 4, '422'),
(69, 24, 3, 2, 4, '422'),
(70, 24, 5, 2, 4, '422'),
(71, 32, 2, 3, 5, '426'),
(72, 32, 4, 2, 5, '426'),
(73, 32, 5, 5, 5, '426'),
(74, 32, 2, 1, 6, '411'),
(75, 32, 3, 7, 6, '411'),
(76, 32, 5, 6, 6, '411'),
(77, 24, 2, 5, 7, '413'),
(78, 24, 4, 5, 7, '413'),
(79, 24, 5, 5, 7, '413'),
(80, 24, 1, 2, 8, '416'),
(81, 24, 3, 7, 8, '416'),
(82, 24, 5, 6, 8, '416'),
(83, 79, 4, 3, 16, '201'),
(84, 79, 5, 7, 16, '201'),
(85, 32, 4, 3, 17, '404'),
(86, 32, 5, 7, 17, '404'),
(87, 118, 3, 7, 18, '402'),
(88, 118, 4, 3, 18, '402'),
(89, 118, 2, 7, 20, '406'),
(90, 118, 4, 7, 20, '406'),
(91, 118, 2, 6, 21, '514'),
(92, 118, 3, 6, 21, '514'),
(93, 32, 2, 2, 22, '417'),
(94, 32, 4, 1, 22, '417'),
(95, 79, 2, 7, 23, '412'),
(96, 79, 3, 7, 23, '412'),
(97, 33, 4, 3, 16, '302'),
(98, 33, 5, 7, 16, '302'),
(99, 33, 4, 3, 17, '302'),
(100, 33, 5, 7, 17, '302'),
(101, 118, 2, 2, 24, '424'),
(102, 118, 3, 2, 24, '424'),
(103, 118, 5, 3, 24, '424'),
(104, 118, 2, 2, 25, '424'),
(105, 118, 3, 2, 25, '424'),
(106, 118, 5, 3, 25, '424'),
(107, 118, 2, 3, 26, '111'),
(108, 118, 4, 6, 26, '111'),
(109, 118, 5, 7, 26, '111'),
(113, 69, 1, 6, 45, '312'),
(114, 69, 1, 7, 45, '312'),
(115, 69, 2, 7, 45, '312'),
(116, 69, 4, 6, 45, '312'),
(117, 69, 5, 1, 45, '312'),
(118, 69, 5, 2, 45, '312'),
(119, 99, 3, 5, 1, '422'),
(120, 99, 5, 1, 1, '422'),
(121, 99, 3, 5, 2, '422'),
(122, 99, 5, 1, 2, '422'),
(123, 99, 3, 5, 3, '422'),
(124, 99, 5, 1, 3, '422'),
(125, 99, 3, 5, 4, '422'),
(126, 99, 5, 1, 4, '422'),
(127, 54, 3, 1, 5, '416'),
(128, 54, 5, 3, 5, '416'),
(129, 54, 3, 1, 6, '416'),
(130, 54, 5, 3, 6, '416'),
(131, 54, 3, 1, 7, '416'),
(132, 54, 5, 3, 7, '416'),
(133, 54, 3, 1, 8, '416'),
(134, 54, 5, 3, 8, '416'),
(135, 8, 2, 2, 9, '423'),
(136, 8, 4, 5, 9, '423'),
(137, 8, 2, 2, 10, '423'),
(138, 8, 4, 5, 10, '423'),
(139, 99, 2, 2, 11, '514'),
(140, 99, 4, 5, 11, '513'),
(141, 99, 1, 6, 12, '521'),
(142, 99, 3, 6, 12, '521'),
(143, 99, 1, 6, 13, '521'),
(144, 99, 3, 6, 13, '521'),
(145, 99, 1, 6, 14, '521'),
(146, 99, 3, 6, 14, '521'),
(147, 99, 1, 6, 15, '521'),
(148, 99, 3, 6, 15, '521'),
(149, 30, 2, 5, 16, '201'),
(150, 30, 5, 5, 16, '201'),
(151, 31, 2, 5, 17, '406'),
(152, 31, 5, 5, 17, '406'),
(153, 30, 2, 5, 18, '201'),
(154, 30, 5, 5, 18, '201'),
(155, 31, 2, 5, 20, '406'),
(156, 31, 5, 5, 20, '406'),
(157, 99, 2, 5, 21, '514'),
(158, 99, 5, 5, 21, '514'),
(159, 99, 2, 5, 22, '514'),
(160, 99, 5, 5, 22, '514'),
(161, 99, 2, 5, 23, '514'),
(162, 99, 5, 5, 23, '514'),
(163, 122, 2, 7, 28, '521'),
(164, 122, 3, 7, 28, '525'),
(165, 122, 5, 2, 28, '525'),
(166, 122, 2, 7, 29, '521'),
(167, 122, 3, 7, 29, '525'),
(168, 122, 5, 2, 29, '525'),
(169, 118, 1, 7, 30, '303'),
(170, 118, 2, 5, 30, '117'),
(171, 118, 3, 3, 30, '402'),
(172, 118, 4, 5, 30, '211'),
(173, 118, 5, 6, 30, '111'),
(174, 120, 1, 6, 31, '105'),
(175, 120, 2, 3, 31, '105'),
(176, 120, 3, 1, 31, '105'),
(177, 120, 4, 1, 31, '105'),
(178, 120, 5, 1, 31, '105'),
(179, 6, 2, 7, 30, '203'),
(180, 6, 4, 6, 30, '203'),
(181, 6, 2, 1, 31, '105'),
(182, 6, 4, 3, 31, '105'),
(183, 20, 4, 6, 41, '116'),
(184, 20, 4, 7, 41, '116'),
(185, 20, 5, 3, 41, '115'),
(186, 20, 5, 5, 41, '116'),
(187, 20, 5, 6, 41, '116'),
(188, 15, 1, 8, 63, '114'),
(189, 15, 1, 10, 63, '114'),
(190, 15, 2, 17, 63, '114'),
(191, 15, 3, 10, 63, '114'),
(192, 15, 5, 17, 63, '114'),
(193, 109, 3, 5, 1, 'TIC3'),
(194, 109, 5, 1, 1, 'TIC3'),
(195, 109, 3, 5, 2, 'TIC3'),
(196, 109, 5, 1, 2, 'TIC3'),
(197, 55, 3, 5, 3, '510'),
(198, 55, 5, 1, 3, '510'),
(199, 55, 3, 5, 4, '510'),
(200, 55, 5, 1, 4, '510'),
(201, 121, 3, 1, 5, 'TIC3'),
(202, 121, 5, 3, 5, 'TIC3'),
(203, 121, 3, 1, 6, 'TIC3'),
(204, 121, 5, 3, 6, 'TIC3'),
(205, 109, 3, 1, 7, '510'),
(206, 109, 5, 3, 7, '510'),
(207, 109, 3, 1, 8, '510'),
(208, 109, 5, 3, 8, '510'),
(209, 113, 2, 2, 9, '510'),
(210, 113, 4, 5, 9, '510'),
(211, 64, 2, 2, 10, 'TIC3'),
(212, 64, 4, 5, 10, 'TIC3'),
(213, 64, 2, 2, 11, 'TIC3'),
(214, 64, 4, 5, 11, 'TIC3'),
(215, 109, 1, 6, 12, '510'),
(216, 109, 3, 6, 12, '510'),
(217, 109, 1, 6, 13, '510'),
(218, 109, 3, 6, 13, '510'),
(219, 64, 1, 6, 14, 'TIC3'),
(220, 64, 3, 6, 14, 'TIC3'),
(221, 64, 1, 6, 15, 'TIC3'),
(222, 64, 3, 6, 15, 'TIC3'),
(223, 64, 2, 5, 16, 'TIC3'),
(224, 64, 5, 5, 16, 'TIC3'),
(225, 121, 2, 5, 17, '510'),
(226, 121, 5, 5, 17, '510'),
(227, 64, 2, 5, 18, 'TIC3'),
(228, 64, 5, 5, 18, 'TIC3'),
(229, 121, 2, 5, 20, '510'),
(230, 121, 5, 5, 20, '510'),
(231, 121, 2, 5, 21, '510'),
(232, 121, 5, 5, 21, '510'),
(233, 121, 2, 5, 22, '510'),
(234, 121, 5, 5, 22, '510'),
(235, 64, 2, 5, 23, 'TIC3'),
(236, 64, 5, 5, 23, 'TIC3'),
(237, 111, 1, 1, 47, '115'),
(238, 111, 1, 2, 47, '115'),
(239, 111, 2, 1, 47, '115'),
(240, 111, 3, 1, 47, '115'),
(241, 111, 3, 2, 47, '115'),
(242, 15, 2, 12, 64, '115'),
(243, 15, 4, 12, 64, '115'),
(244, 15, 4, 15, 64, '115'),
(245, 15, 5, 8, 64, '115'),
(246, 15, 5, 10, 64, '115'),
(247, 38, 1, 1, 30, '203'),
(248, 38, 1, 2, 30, '203'),
(249, 38, 2, 1, 30, '203'),
(250, 38, 3, 1, 30, '203'),
(251, 38, 4, 2, 30, '203'),
(252, 38, 5, 1, 30, '203'),
(253, 38, 1, 5, 31, '105'),
(254, 38, 2, 2, 31, '105'),
(255, 38, 3, 2, 31, '105'),
(256, 38, 4, 6, 31, '105'),
(257, 38, 5, 2, 31, '105'),
(258, 59, 1, 3, 49, '101'),
(259, 59, 1, 5, 49, '101'),
(260, 59, 2, 3, 49, '101'),
(261, 59, 2, 5, 49, '101'),
(262, 59, 4, 3, 49, '101'),
(263, 59, 5, 6, 49, '101'),
(264, 123, 1, 8, 65, '101'),
(265, 123, 1, 10, 65, '101'),
(266, 123, 2, 8, 65, '101'),
(267, 123, 3, 8, 65, '101'),
(268, 123, 4, 12, 65, '101'),
(269, 123, 4, 15, 65, '101'),
(270, 124, 1, 6, 32, '602'),
(271, 124, 4, 7, 32, '602'),
(272, 91, 3, 6, 33, '117'),
(273, 91, 5, 5, 33, '117'),
(274, 91, 3, 6, 34, '117'),
(275, 91, 5, 5, 34, '117'),
(276, 10, 1, 7, 36, '211'),
(277, 10, 2, 7, 36, '211'),
(278, 10, 3, 6, 36, '211'),
(279, 10, 5, 1, 36, '211'),
(280, 81, 1, 5, 37, '415'),
(281, 81, 3, 5, 37, '415'),
(282, 81, 4, 3, 37, '415'),
(283, 81, 5, 3, 37, '415'),
(284, 53, 3, 6, 25, '118'),
(285, 53, 4, 2, 25, '118'),
(286, 53, 5, 6, 25, '118'),
(290, 72, 2, 6, 28, '522'),
(291, 72, 3, 5, 28, '522'),
(292, 72, 4, 5, 28, '522'),
(293, 72, 2, 6, 29, '522'),
(294, 72, 3, 5, 29, '522'),
(295, 72, 4, 5, 29, '522'),
(296, 91, 4, 16, 58, '111'),
(297, 78, 1, 3, 50, '104'),
(298, 78, 1, 5, 50, '104'),
(299, 78, 2, 1, 50, '104'),
(300, 78, 2, 2, 50, '104'),
(301, 78, 3, 2, 50, '104'),
(302, 78, 3, 3, 50, '104'),
(303, 114, 1, 6, 50, '104'),
(304, 114, 1, 7, 50, '104'),
(305, 114, 2, 3, 50, '104'),
(306, 114, 2, 5, 50, '104'),
(307, 114, 3, 5, 50, '104'),
(308, 114, 3, 6, 50, '104'),
(309, 114, 4, 2, 50, '104'),
(310, 114, 4, 3, 50, '104'),
(311, 64, 3, 7, 50, '104'),
(312, 64, 5, 6, 50, '104'),
(313, 64, 5, 7, 50, '104'),
(314, 29, 1, 1, 36, '211'),
(315, 29, 1, 2, 36, '211'),
(316, 108, 1, 2, 37, '204'),
(317, 108, 2, 3, 37, '204'),
(318, 108, 3, 2, 37, '204'),
(319, 108, 4, 1, 37, '204'),
(320, 81, 1, 3, 35, '408'),
(321, 81, 2, 5, 35, '408'),
(322, 81, 3, 3, 35, '408'),
(323, 81, 5, 1, 35, '513'),
(324, 10, 1, 3, 40, '409'),
(325, 10, 3, 3, 40, '409'),
(326, 10, 4, 5, 40, '409'),
(327, 10, 5, 6, 40, '409'),
(328, 108, 1, 1, 37, '415'),
(329, 108, 2, 2, 37, '415'),
(330, 108, 4, 2, 37, '415'),
(331, 108, 5, 2, 37, '415'),
(332, 37, 2, 6, 50, '104'),
(333, 37, 2, 7, 50, '104'),
(334, 37, 4, 6, 50, '104'),
(335, 37, 4, 7, 50, '104'),
(336, 37, 5, 2, 50, '104'),
(337, 37, 5, 3, 50, '104'),
(338, 91, 2, 13, 58, '111'),
(339, 91, 2, 16, 58, '111'),
(340, 119, 1, 3, 32, '602'),
(341, 119, 2, 2, 32, '602'),
(342, 119, 4, 6, 32, '602'),
(343, 119, 5, 7, 32, '602'),
(344, 119, 1, 7, 33, '117'),
(345, 119, 3, 5, 33, '117'),
(346, 119, 4, 1, 33, '117'),
(347, 119, 5, 1, 33, '117'),
(348, 119, 1, 5, 34, '303'),
(349, 119, 2, 3, 34, '303'),
(350, 119, 3, 3, 34, '303'),
(351, 119, 4, 5, 34, '303'),
(352, 91, 4, 11, 55, '118'),
(353, 91, 4, 13, 55, '118'),
(354, 119, 1, 2, 24, '424'),
(355, 119, 2, 1, 24, '424'),
(356, 119, 3, 7, 24, '424'),
(357, 91, 1, 1, 25, '414'),
(358, 91, 3, 5, 25, '414'),
(359, 91, 5, 1, 25, '414'),
(360, 124, 2, 3, 26, '413'),
(361, 124, 4, 6, 26, '413'),
(362, 124, 5, 7, 26, '117'),
(366, 88, 3, 6, 33, '409'),
(367, 88, 5, 5, 33, '409'),
(368, 88, 3, 6, 34, '409'),
(369, 88, 5, 5, 34, '409'),
(370, 16, 1, 6, 38, '501'),
(371, 16, 2, 2, 38, '501'),
(372, 16, 3, 5, 38, '501'),
(373, 16, 5, 6, 38, '501'),
(374, 16, 1, 5, 39, '502'),
(375, 16, 2, 6, 39, '502'),
(376, 16, 3, 6, 39, '502'),
(377, 16, 4, 5, 39, '502'),
(378, 18, 2, 7, 33, 'PATIO 1'),
(379, 18, 4, 7, 33, 'PATIO 1'),
(380, 100, 4, 5, 36, 'PATIO 1'),
(381, 100, 5, 5, 36, 'PATIO 1'),
(382, 30, 3, 7, 16, '201'),
(383, 31, 3, 7, 17, '404'),
(384, 30, 5, 6, 18, '402'),
(385, 31, 1, 7, 20, '406'),
(386, 31, 2, 7, 21, '514'),
(387, 30, 4, 5, 22, '417'),
(388, 30, 4, 6, 23, '412'),
(389, 106, 2, 5, 16, '112'),
(390, 106, 5, 5, 16, '112'),
(391, 106, 2, 5, 17, '112'),
(392, 106, 5, 5, 17, '112'),
(393, 106, 2, 5, 18, '112'),
(394, 106, 5, 5, 18, '112'),
(395, 106, 2, 5, 20, '112'),
(396, 106, 5, 5, 20, '112'),
(397, 106, 2, 5, 21, '112'),
(398, 106, 5, 5, 21, '112'),
(399, 106, 2, 5, 22, '112'),
(400, 106, 5, 5, 22, '112'),
(401, 106, 2, 5, 23, '112'),
(402, 106, 5, 5, 23, '112'),
(403, 99, 1, 7, 37, '415'),
(404, 99, 1, 7, 39, '415'),
(405, 99, 1, 7, 40, '415'),
(406, 31, 2, 6, 32, '211'),
(407, 31, 5, 2, 33, '303'),
(408, 31, 5, 2, 34, '303'),
(409, 31, 2, 3, 35, '403'),
(410, 31, 2, 6, 36, '211'),
(411, 18, 1, 6, 35, 'PATIO 1'),
(412, 18, 4, 6, 35, 'PATIO 1'),
(413, 18, 3, 5, 32, 'PATIO 1'),
(414, 18, 5, 6, 32, 'PATIO 2'),
(415, 18, 1, 7, 34, 'PATIO 1'),
(416, 18, 3, 1, 34, 'PATIO 1'),
(417, 46, 1, 5, 1, 'PATIO 2'),
(418, 46, 2, 2, 1, 'PATIO 1'),
(419, 46, 5, 3, 1, 'GIMNASIO'),
(420, 18, 1, 5, 2, 'PATIO 1'),
(421, 18, 3, 2, 2, 'GIMNASIO'),
(422, 18, 4, 5, 2, 'PATIO 3'),
(423, 5, 1, 5, 3, 'GIMNASIO'),
(424, 5, 3, 2, 3, 'PATIO 2'),
(425, 5, 4, 3, 3, 'PATIO 3'),
(426, 18, 2, 6, 4, 'GIMNASIO'),
(427, 18, 3, 6, 4, 'PATIO 3'),
(428, 18, 5, 5, 4, 'PATIO 2'),
(429, 100, 2, 7, 5, 'GIMNASIO'),
(430, 100, 4, 7, 5, 'PATIO 2'),
(431, 100, 5, 6, 5, 'PATIO 3'),
(432, 46, 1, 2, 6, 'PATIO 2'),
(433, 46, 3, 5, 6, 'PATIO 3'),
(434, 46, 4, 2, 6, 'GIMNASIO'),
(435, 100, 1, 7, 7, 'GIMNASIO'),
(436, 100, 2, 3, 7, 'PATIO 3'),
(437, 100, 4, 6, 7, 'PATIO 2'),
(438, 5, 2, 1, 8, 'PATIO 2'),
(439, 5, 4, 5, 8, 'GIMNASIO'),
(440, 5, 5, 1, 8, 'PATIO 2'),
(441, 36, 3, 5, 9, 'PATIO 2'),
(442, 36, 5, 1, 9, 'GIMNASIO'),
(443, 36, 3, 3, 10, 'PATIO 1'),
(444, 36, 5, 6, 10, 'GIMNASIO'),
(445, 36, 2, 3, 11, 'GIMNASIO'),
(446, 36, 5, 3, 11, 'PATIO 2'),
(447, 36, 3, 2, 12, 'PATIO 3'),
(448, 36, 5, 5, 12, 'GIMNASIO'),
(449, 18, 3, 7, 13, 'GIMNASIO'),
(450, 18, 5, 7, 13, 'PATIO 1'),
(451, 36, 2, 1, 14, 'GIMNASIO'),
(452, 36, 4, 5, 14, 'PATIO 2'),
(453, 36, 2, 5, 15, 'GIMNASIO'),
(454, 36, 4, 3, 15, 'PATIO 2'),
(455, 46, 1, 1, 24, 'GIMNASIO'),
(456, 46, 4, 1, 24, 'PATIO 3'),
(457, 46, 3, 3, 25, 'PATIO 3'),
(458, 46, 4, 3, 25, 'GIMNASIO'),
(459, 46, 1, 6, 26, 'GIMNASIO'),
(460, 46, 3, 1, 26, 'PATIO 3'),
(463, 46, 2, 1, 28, 'PATIO 3'),
(464, 46, 4, 6, 28, 'GIMNASIO'),
(465, 100, 1, 2, 29, 'GIMNASIO'),
(466, 100, 3, 6, 29, 'PATIO 2'),
(467, 5, 3, 3, 16, 'GIMNASIO'),
(468, 5, 5, 2, 16, 'PATIO 2'),
(469, 36, 1, 3, 17, 'PATIO 1'),
(470, 36, 5, 2, 17, 'GIMNASIO'),
(471, 36, 1, 1, 18, 'PATIO 1'),
(472, 36, 3, 6, 18, 'GIMNASIO'),
(473, 5, 3, 5, 20, 'GIMNASIO'),
(474, 5, 5, 6, 20, 'PATIO 1'),
(475, 5, 2, 2, 21, 'GIMNASIO'),
(476, 5, 4, 2, 21, 'PATIO 1'),
(477, 5, 3, 1, 22, 'GIMNASIO'),
(478, 5, 5, 3, 22, 'PATIO 3'),
(479, 5, 1, 1, 23, 'PATIO 3'),
(480, 5, 4, 1, 23, 'GIMNASIO'),
(481, 108, 2, 6, 1, '401'),
(482, 108, 5, 6, 1, '401'),
(483, 106, 1, 2, 2, '403'),
(484, 106, 5, 7, 2, '403'),
(485, 108, 3, 1, 3, '405'),
(486, 108, 5, 5, 3, '405'),
(487, 81, 2, 2, 4, '422'),
(488, 81, 4, 2, 4, '422'),
(489, 106, 1, 7, 5, '426'),
(490, 106, 3, 7, 5, '426'),
(491, 81, 1, 6, 6, '411'),
(492, 81, 4, 5, 6, '411'),
(493, 81, 2, 1, 7, '413'),
(494, 81, 5, 2, 7, '413'),
(495, 106, 1, 5, 8, '416'),
(496, 106, 4, 6, 8, '416'),
(497, 10, 1, 5, 9, '513'),
(498, 10, 4, 7, 9, '513'),
(499, 29, 2, 1, 10, '113'),
(500, 29, 5, 3, 10, '113'),
(501, 10, 3, 5, 11, '423'),
(502, 10, 5, 5, 11, '423'),
(503, 10, 1, 1, 12, '425'),
(504, 10, 4, 3, 12, '425'),
(505, 29, 1, 3, 13, '525'),
(506, 29, 4, 5, 13, '525'),
(507, 10, 3, 7, 14, '521'),
(508, 10, 5, 7, 14, '521'),
(509, 29, 3, 3, 15, '112'),
(510, 29, 5, 2, 15, '112'),
(511, 29, 3, 6, 24, '414'),
(512, 29, 4, 2, 24, '414'),
(513, 29, 5, 6, 24, '414'),
(514, 29, 3, 6, 25, '414'),
(515, 29, 4, 2, 25, '414'),
(516, 29, 5, 6, 25, '414'),
(520, 108, 1, 5, 28, '522'),
(521, 108, 3, 3, 28, '415'),
(522, 108, 5, 1, 28, '522'),
(523, 29, 2, 2, 29, '202'),
(524, 29, 4, 3, 29, '202'),
(525, 29, 5, 1, 29, '202'),
(526, 69, 2, 5, 42, '313'),
(527, 69, 2, 6, 42, '313'),
(528, 69, 3, 3, 42, '313'),
(529, 69, 3, 5, 42, '313'),
(530, 69, 4, 7, 42, '313'),
(531, 69, 5, 7, 42, '313'),
(532, 48, 1, 1, 46, '314'),
(533, 48, 2, 1, 46, '314'),
(534, 48, 3, 6, 46, '314'),
(535, 48, 5, 3, 46, '314'),
(536, 48, 1, 2, 50, '104'),
(537, 48, 3, 1, 50, '104'),
(538, 48, 4, 1, 50, '104'),
(539, 48, 5, 1, 50, '104'),
(540, 4, 1, 6, 44, '114'),
(541, 4, 1, 7, 44, '114'),
(542, 4, 3, 6, 44, '114'),
(543, 4, 3, 7, 44, '114'),
(544, 4, 4, 6, 44, '114'),
(545, 4, 4, 7, 44, '114'),
(546, 4, 5, 6, 44, '114'),
(547, 4, 5, 7, 44, '114'),
(548, 59, 2, 6, 45, '312'),
(549, 59, 3, 7, 45, '312'),
(550, 59, 4, 7, 45, '312'),
(551, 59, 5, 7, 45, '312'),
(552, 19, 3, 3, 41, '116'),
(553, 19, 3, 5, 41, '116'),
(554, 19, 5, 7, 41, '116'),
(555, 15, 2, 8, 63, '114'),
(556, 15, 3, 12, 63, '114'),
(557, 15, 3, 15, 63, '114'),
(558, 92, 1, 3, 48, '103'),
(559, 92, 3, 3, 48, '103'),
(560, 92, 5, 3, 48, '103'),
(561, 47, 1, 6, 42, '313'),
(562, 47, 1, 7, 42, '313'),
(563, 47, 3, 6, 42, '313'),
(564, 47, 3, 7, 42, '313'),
(565, 96, 1, 3, 1, '524'),
(566, 96, 1, 3, 2, '524'),
(567, 68, 1, 3, 3, '422'),
(568, 68, 1, 3, 4, '422'),
(569, 96, 3, 3, 5, '426'),
(570, 96, 3, 3, 6, '426'),
(571, 73, 3, 3, 7, '413'),
(572, 73, 3, 3, 8, '413'),
(573, 58, 1, 3, 1, '512'),
(574, 86, 1, 3, 2, '510'),
(575, 86, 1, 3, 3, '510'),
(576, 58, 1, 3, 4, '512'),
(577, 86, 3, 3, 5, '411'),
(578, 86, 3, 3, 6, '411'),
(579, 89, 3, 3, 7, '113'),
(580, 89, 3, 3, 8, '113'),
(581, 67, 4, 18, 58, '111'),
(582, 31, 1, 5, 36, '211'),
(583, 31, 4, 6, 36, '211'),
(584, 31, 5, 7, 36, '211'),
(585, 54, 2, 7, 35, '601'),
(586, 54, 3, 7, 35, '601'),
(587, 54, 5, 2, 35, '601'),
(588, 54, 1, 7, 32, '602'),
(589, 54, 3, 3, 32, '602'),
(590, 54, 5, 1, 32, '602'),
(591, 54, 1, 6, 33, '117'),
(592, 54, 2, 1, 33, '117'),
(593, 54, 4, 2, 33, '117'),
(594, 31, 1, 6, 34, '303'),
(595, 31, 3, 2, 34, '303'),
(596, 31, 4, 7, 34, '303'),
(597, 31, 3, 6, 24, '424'),
(598, 31, 4, 2, 24, '424'),
(599, 31, 5, 6, 24, '424'),
(600, 99, 2, 7, 25, '414'),
(601, 99, 3, 7, 25, '414'),
(602, 99, 5, 2, 25, '414'),
(603, 31, 3, 6, 26, '424'),
(604, 31, 4, 2, 26, '424'),
(605, 31, 5, 6, 26, '424'),
(609, 120, 1, 5, 40, '512'),
(610, 120, 2, 1, 40, '512'),
(611, 120, 4, 6, 40, '512'),
(612, 120, 5, 5, 40, '512'),
(613, 33, 1, 7, 16, '302'),
(614, 33, 4, 2, 16, '302'),
(615, 33, 1, 7, 17, '302'),
(616, 33, 4, 2, 17, '302'),
(617, 120, 1, 7, 35, '601'),
(618, 120, 2, 6, 35, '601'),
(619, 120, 4, 3, 35, '601'),
(620, 120, 5, 3, 35, '601'),
(621, 79, 1, 1, 13, '524'),
(622, 79, 3, 2, 13, '524'),
(623, 79, 4, 2, 13, '524'),
(624, 79, 5, 3, 13, '524'),
(625, 79, 1, 1, 14, '524'),
(626, 79, 3, 2, 14, '524'),
(627, 79, 4, 2, 14, '524'),
(628, 79, 5, 3, 14, '524'),
(629, 122, 2, 3, 9, '513'),
(630, 122, 3, 6, 9, '513'),
(631, 122, 5, 6, 9, '513'),
(632, 33, 1, 2, 10, '113'),
(633, 33, 3, 7, 10, '113'),
(634, 33, 5, 5, 10, '113'),
(635, 122, 2, 6, 11, '423'),
(636, 122, 4, 1, 11, '423'),
(637, 122, 5, 7, 11, '423'),
(638, 117, 1, 2, 12, '425'),
(639, 117, 2, 7, 12, '425'),
(640, 117, 4, 7, 12, '425'),
(641, 117, 1, 1, 13, '525'),
(642, 117, 3, 2, 13, '525'),
(643, 117, 5, 3, 13, '525'),
(644, 33, 1, 1, 14, '521'),
(645, 33, 3, 2, 14, '521'),
(646, 33, 5, 3, 14, '521'),
(647, 117, 2, 6, 15, '112'),
(648, 117, 3, 1, 15, '112'),
(649, 117, 5, 1, 15, '112'),
(650, 11, 1, 7, 16, '201'),
(651, 11, 4, 2, 16, '201'),
(652, 11, 5, 1, 16, '201'),
(653, 122, 1, 7, 17, '404'),
(654, 122, 4, 2, 17, '404'),
(655, 122, 5, 1, 17, '404'),
(656, 11, 1, 3, 18, '402'),
(657, 11, 4, 1, 18, '402'),
(658, 11, 5, 2, 18, '402'),
(659, 122, 1, 6, 20, '406'),
(660, 122, 2, 2, 20, '406'),
(661, 122, 5, 3, 20, '406'),
(662, 11, 1, 2, 21, '514'),
(663, 11, 2, 3, 21, '514'),
(664, 11, 5, 3, 21, '514'),
(665, 11, 1, 1, 22, '417'),
(666, 11, 3, 6, 22, '417'),
(667, 11, 4, 6, 22, '417'),
(668, 122, 1, 5, 23, '412'),
(669, 122, 3, 2, 23, '412'),
(670, 122, 4, 3, 23, '412'),
(671, 11, 2, 7, 26, '111'),
(672, 11, 3, 7, 26, '111'),
(673, 11, 4, 7, 26, '111'),
(677, 25, 2, 7, 42, '313'),
(678, 25, 4, 6, 42, '313'),
(679, 25, 5, 6, 42, '313'),
(680, 25, 3, 7, 43, '102'),
(681, 25, 4, 7, 43, '102'),
(682, 25, 5, 7, 43, '102'),
(683, 25, 2, 2, 41, '116'),
(684, 25, 2, 3, 41, '116'),
(685, 25, 4, 3, 41, '116'),
(686, 17, 2, 10, 63, '114'),
(687, 17, 2, 12, 63, '114'),
(688, 17, 5, 12, 63, '114'),
(689, 25, 1, 8, 64, '115'),
(690, 25, 4, 8, 64, '115'),
(691, 25, 4, 10, 64, '115'),
(692, 25, 1, 5, 48, '103'),
(693, 25, 3, 5, 48, '103'),
(694, 25, 5, 5, 48, '103'),
(695, 25, 1, 6, 47, '116'),
(696, 25, 1, 7, 47, '116'),
(697, 25, 2, 5, 47, '116'),
(698, 73, 3, 11, 58, '111'),
(699, 68, 1, 1, 33, '117'),
(700, 68, 3, 3, 33, '117'),
(701, 68, 4, 2, 36, '211'),
(702, 68, 5, 2, 36, '211'),
(703, 96, 1, 1, 35, '601'),
(704, 96, 4, 2, 35, '601'),
(705, 68, 2, 3, 32, '602'),
(706, 68, 4, 1, 32, '602'),
(707, 68, 2, 1, 34, '303'),
(708, 68, 5, 6, 34, '303'),
(709, 96, 3, 5, 1, '401'),
(710, 96, 5, 1, 1, '401'),
(711, 96, 3, 5, 2, '401'),
(712, 96, 5, 1, 2, '401'),
(713, 68, 3, 5, 3, '405'),
(714, 68, 5, 1, 3, '405'),
(715, 68, 3, 5, 4, '405'),
(716, 68, 5, 1, 4, '405'),
(717, 96, 3, 1, 5, '426'),
(718, 96, 5, 3, 5, '426'),
(719, 96, 3, 1, 6, '426'),
(720, 96, 5, 3, 6, '426'),
(721, 73, 3, 1, 7, '413'),
(722, 73, 5, 3, 7, '413'),
(723, 73, 3, 1, 8, '413'),
(724, 73, 5, 3, 8, '413'),
(725, 96, 2, 2, 9, '113'),
(726, 96, 4, 5, 9, '113'),
(727, 96, 2, 2, 10, '113'),
(728, 96, 4, 5, 10, '113'),
(729, 96, 2, 2, 11, '113'),
(730, 96, 4, 5, 11, '113'),
(731, 96, 1, 6, 12, '425'),
(732, 96, 3, 6, 12, '425'),
(733, 96, 1, 6, 13, '425'),
(734, 96, 3, 6, 13, '425'),
(735, 68, 1, 6, 14, '112'),
(736, 68, 3, 6, 14, '112'),
(737, 68, 1, 6, 15, '112'),
(738, 68, 3, 6, 15, '112'),
(739, 73, 1, 2, 37, 'TIC2'),
(740, 73, 2, 3, 37, '501'),
(741, 73, 3, 2, 37, '501'),
(742, 73, 4, 1, 37, '501'),
(743, 73, 1, 2, 38, 'TIC2'),
(744, 73, 2, 3, 38, '501'),
(745, 73, 3, 2, 38, '501'),
(746, 73, 4, 1, 38, '501'),
(747, 96, 1, 2, 39, '501'),
(748, 96, 2, 3, 39, 'TIC2'),
(749, 96, 3, 2, 39, 'TIC2'),
(750, 96, 4, 1, 39, '513'),
(751, 96, 1, 2, 40, '501'),
(752, 96, 2, 3, 40, 'TIC2'),
(753, 96, 3, 2, 40, 'TIC2'),
(754, 96, 4, 1, 40, '513'),
(755, 68, 2, 5, 16, '404'),
(756, 68, 5, 5, 16, '404'),
(757, 68, 2, 5, 17, '404'),
(758, 68, 5, 5, 17, '404'),
(759, 96, 2, 5, 18, '402'),
(760, 96, 5, 5, 18, '402'),
(761, 96, 2, 5, 20, '402'),
(762, 96, 5, 5, 20, '402'),
(763, 68, 2, 5, 21, '404'),
(764, 68, 5, 5, 21, '404'),
(765, 73, 2, 5, 22, '412'),
(766, 73, 5, 5, 22, '412'),
(767, 73, 2, 5, 23, '412'),
(768, 73, 5, 5, 23, '412'),
(769, 73, 2, 7, 24, '424'),
(770, 73, 4, 3, 24, 'TIC2'),
(771, 73, 5, 2, 24, '424'),
(772, 68, 1, 2, 26, '111'),
(773, 68, 3, 2, 26, '111'),
(774, 68, 4, 3, 26, '111'),
(775, 106, 1, 6, 37, '415'),
(776, 106, 2, 7, 37, '415'),
(777, 106, 3, 6, 37, '415'),
(778, 106, 4, 5, 37, '415'),
(779, 106, 1, 3, 36, '211'),
(780, 106, 2, 3, 36, '211'),
(781, 106, 4, 7, 36, '211'),
(782, 106, 5, 6, 36, '211'),
(783, 57, 4, 16, 55, '118'),
(784, 57, 4, 18, 55, '118'),
(785, 75, 1, 1, 38, '501'),
(786, 75, 2, 5, 38, '501'),
(787, 75, 3, 1, 38, '501'),
(788, 75, 4, 2, 38, '501'),
(789, 75, 1, 1, 39, '501'),
(790, 75, 2, 5, 39, '501'),
(791, 75, 3, 1, 39, '501'),
(792, 75, 4, 2, 39, '501'),
(793, 38, 1, 6, 1, '401'),
(794, 38, 3, 3, 1, '401'),
(795, 38, 4, 5, 1, '401'),
(796, 3, 2, 7, 2, '403'),
(797, 3, 3, 1, 2, '403'),
(798, 3, 5, 2, 2, '403'),
(799, 66, 1, 2, 3, '405'),
(800, 66, 2, 6, 3, '405'),
(801, 66, 4, 1, 3, '405'),
(802, 94, 1, 2, 4, '422'),
(803, 94, 3, 1, 4, '422'),
(804, 94, 5, 7, 4, '422'),
(805, 57, 1, 5, 5, '426'),
(806, 57, 3, 5, 5, '426'),
(807, 57, 5, 1, 5, '426'),
(808, 66, 1, 5, 6, '411'),
(809, 66, 4, 6, 6, '411'),
(810, 66, 5, 7, 6, '411'),
(811, 95, 1, 6, 7, '413'),
(812, 95, 4, 7, 7, '413'),
(813, 95, 5, 1, 7, '413'),
(814, 95, 1, 1, 8, '416'),
(815, 95, 2, 7, 8, '416'),
(816, 95, 5, 7, 8, '416'),
(817, 71, 2, 3, 13, '524'),
(818, 71, 4, 1, 13, '524'),
(819, 71, 5, 1, 13, '524'),
(820, 71, 2, 3, 14, '524'),
(821, 71, 4, 1, 14, '524'),
(822, 71, 5, 1, 14, '524'),
(823, 75, 1, 7, 9, '513'),
(824, 75, 3, 2, 9, '513'),
(825, 75, 5, 3, 9, '513'),
(826, 21, 1, 3, 10, '113'),
(827, 21, 2, 3, 10, '113'),
(828, 21, 4, 1, 10, '113'),
(829, 21, 1, 5, 11, '423'),
(830, 21, 2, 1, 11, '423'),
(831, 21, 3, 6, 11, '423'),
(832, 3, 2, 3, 12, '425'),
(833, 3, 4, 1, 12, '425'),
(834, 3, 5, 1, 12, '425'),
(835, 75, 2, 3, 13, '525'),
(836, 75, 4, 1, 13, '525'),
(837, 75, 5, 1, 13, '525'),
(838, 94, 2, 3, 14, '521'),
(839, 94, 4, 1, 14, '521'),
(840, 94, 5, 1, 14, '521'),
(841, 3, 1, 5, 15, '112'),
(842, 3, 3, 2, 15, '112'),
(843, 3, 4, 7, 15, '112'),
(844, 66, 2, 7, 16, '201'),
(845, 66, 3, 6, 16, '201'),
(846, 66, 4, 7, 16, '201'),
(847, 116, 2, 7, 17, '404'),
(848, 116, 3, 6, 17, '404'),
(849, 116, 4, 7, 17, '404'),
(850, 21, 1, 7, 18, '402'),
(851, 21, 2, 6, 18, '402'),
(852, 21, 4, 5, 18, '402'),
(853, 12, 2, 3, 20, '406'),
(854, 12, 3, 7, 20, '406'),
(855, 12, 5, 7, 20, '406'),
(856, 94, 1, 3, 21, '514'),
(857, 94, 3, 2, 21, '514'),
(858, 94, 4, 3, 21, '514'),
(859, 95, 1, 3, 22, '417'),
(860, 95, 3, 3, 22, '417'),
(861, 95, 5, 6, 22, '417'),
(862, 116, 1, 7, 23, '412'),
(863, 116, 3, 3, 23, '412'),
(864, 116, 4, 2, 23, '412'),
(865, 12, 2, 7, 16, '512'),
(866, 12, 3, 6, 16, '512'),
(867, 12, 4, 7, 16, '512'),
(868, 12, 2, 7, 17, '512'),
(869, 12, 3, 6, 17, '512'),
(870, 12, 4, 7, 17, '512'),
(871, 3, 1, 7, 24, '424'),
(872, 3, 2, 5, 24, '424'),
(873, 3, 4, 5, 24, '424'),
(874, 95, 1, 7, 25, '414'),
(875, 95, 2, 3, 25, '414'),
(876, 95, 4, 5, 25, '414'),
(877, 94, 1, 7, 26, '111'),
(878, 94, 2, 2, 26, '111'),
(879, 94, 5, 5, 26, '111'),
(883, 12, 1, 6, 28, '522'),
(884, 12, 2, 5, 28, '522'),
(885, 12, 4, 3, 28, '522'),
(886, 12, 1, 7, 29, '202'),
(887, 12, 2, 1, 29, '202'),
(888, 12, 4, 6, 29, '202'),
(889, 9, 4, 5, 47, '116'),
(890, 9, 5, 6, 47, '115'),
(891, 9, 5, 7, 47, '115'),
(892, 9, 1, 10, 64, '115'),
(893, 9, 1, 12, 64, '115'),
(894, 9, 3, 8, 64, '115'),
(895, 43, 1, 1, 49, '101'),
(896, 43, 1, 2, 49, '101'),
(897, 43, 4, 1, 49, '101'),
(898, 43, 4, 2, 49, '101'),
(899, 43, 5, 1, 49, '101'),
(900, 43, 5, 2, 49, '101'),
(901, 123, 2, 10, 65, '101'),
(902, 123, 2, 12, 65, '101'),
(903, 123, 3, 15, 65, '101'),
(904, 123, 3, 17, 65, '101'),
(905, 123, 5, 8, 65, '101'),
(906, 123, 5, 10, 65, '101'),
(907, 62, 2, 6, 49, '101'),
(908, 62, 3, 6, 49, '101'),
(909, 62, 3, 7, 49, '101'),
(910, 62, 4, 5, 49, '101'),
(911, 62, 4, 6, 49, '101'),
(912, 15, 1, 12, 65, '101'),
(913, 15, 1, 15, 65, '101'),
(914, 15, 2, 15, 65, '101'),
(915, 15, 4, 8, 65, '101'),
(916, 15, 4, 10, 65, '101'),
(917, 98, 2, 1, 49, '101'),
(918, 98, 2, 2, 49, '101'),
(919, 98, 3, 1, 49, '101'),
(920, 98, 3, 2, 49, '101'),
(921, 98, 4, 17, 65, '101'),
(922, 98, 4, 19, 65, '101'),
(923, 98, 5, 12, 65, '101'),
(924, 98, 5, 15, 65, '101'),
(925, 51, 1, 5, 34, '521'),
(926, 51, 2, 3, 34, '301'),
(927, 51, 3, 3, 34, '406'),
(928, 51, 4, 5, 34, '301'),
(929, 51, 1, 1, 39, '409'),
(930, 51, 2, 5, 39, '409'),
(931, 51, 3, 1, 39, '409'),
(932, 51, 4, 2, 39, '409'),
(933, 54, 1, 1, 51, 'Sin asignar o sin aula'),
(934, 81, 1, 1, 51, 'Sin asignar o sin aula'),
(935, 52, 1, 1, 51, 'Sin asignar o sin aula'),
(936, 77, 1, 1, 51, 'Sin asignar o sin aula'),
(937, 42, 1, 1, 51, 'Sin asignar o sin aula'),
(938, 83, 1, 1, 51, 'Sin asignar o sin aula'),
(939, 63, 1, 1, 51, 'Sin asignar o sin aula'),
(940, 41, 1, 2, 51, 'Sin asignar o sin aula'),
(941, 14, 1, 2, 51, 'Sin asignar o sin aula'),
(942, 26, 1, 2, 51, 'Sin asignar o sin aula'),
(943, 51, 1, 2, 51, 'Sin asignar o sin aula'),
(944, 5, 1, 2, 51, 'Sin asignar o sin aula'),
(945, 10, 1, 2, 51, 'Sin asignar o sin aula'),
(946, 22, 1, 2, 51, 'Sin asignar o sin aula'),
(947, 95, 1, 2, 51, 'Sin asignar o sin aula'),
(948, 98, 1, 3, 51, 'Sin asignar o sin aula'),
(949, 89, 1, 3, 51, 'Sin asignar o sin aula'),
(950, 79, 1, 3, 51, 'Sin asignar o sin aula'),
(951, 24, 1, 3, 51, 'Sin asignar o sin aula'),
(952, 54, 1, 3, 51, 'Sin asignar o sin aula'),
(953, 108, 1, 3, 51, 'Sin asignar o sin aula'),
(954, 77, 1, 3, 51, 'Sin asignar o sin aula'),
(955, 93, 1, 3, 51, 'Sin asignar o sin aula'),
(956, 4, 1, 5, 51, 'Sin asignar o sin aula'),
(957, 43, 1, 5, 51, 'Sin asignar o sin aula'),
(958, 20, 1, 5, 51, 'Sin asignar o sin aula'),
(959, 82, 1, 5, 51, 'Sin asignar o sin aula'),
(960, 89, 1, 5, 51, 'Sin asignar o sin aula'),
(961, 72, 1, 5, 51, 'Sin asignar o sin aula'),
(962, 100, 1, 5, 51, 'Sin asignar o sin aula'),
(963, 94, 1, 5, 51, 'Sin asignar o sin aula'),
(964, 124, 1, 5, 51, 'Sin asignar o sin aula'),
(965, 98, 1, 6, 51, 'Sin asignar o sin aula'),
(966, 43, 1, 6, 51, 'Sin asignar o sin aula'),
(967, 26, 1, 6, 51, 'Sin asignar o sin aula'),
(968, 33, 1, 6, 51, 'Sin asignar o sin aula'),
(969, 117, 1, 6, 51, 'Sin asignar o sin aula'),
(970, 24, 1, 6, 51, 'Sin asignar o sin aula'),
(971, 94, 1, 6, 51, 'Sin asignar o sin aula'),
(972, 98, 1, 7, 51, 'Sin asignar o sin aula'),
(973, 44, 1, 7, 51, 'Sin asignar o sin aula'),
(974, 89, 1, 7, 51, 'Sin asignar o sin aula'),
(975, 117, 1, 7, 51, 'Sin asignar o sin aula'),
(976, 57, 1, 7, 51, 'Sin asignar o sin aula'),
(977, 124, 1, 7, 51, 'Sin asignar o sin aula'),
(978, 74, 1, 7, 51, 'Sin asignar o sin aula'),
(979, 92, 2, 1, 51, 'Sin asignar o sin aula'),
(980, 80, 2, 1, 51, 'Sin asignar o sin aula'),
(981, 69, 2, 1, 51, 'Sin asignar o sin aula'),
(982, 35, 2, 1, 51, 'Sin asignar o sin aula'),
(983, 99, 2, 1, 51, 'Sin asignar o sin aula'),
(984, 108, 2, 1, 51, 'Sin asignar o sin aula'),
(985, 3, 2, 1, 51, 'Sin asignar o sin aula'),
(986, 55, 2, 1, 51, 'Sin asignar o sin aula'),
(987, 114, 2, 2, 51, 'Sin asignar o sin aula'),
(988, 14, 2, 2, 51, 'Sin asignar o sin aula'),
(989, 72, 2, 2, 51, 'Sin asignar o sin aula'),
(990, 33, 2, 2, 51, 'Sin asignar o sin aula'),
(991, 120, 2, 2, 51, 'Sin asignar o sin aula'),
(992, 24, 2, 2, 51, 'Sin asignar o sin aula'),
(993, 22, 2, 2, 51, 'Sin asignar o sin aula'),
(994, 55, 2, 2, 51, 'Sin asignar o sin aula'),
(995, 98, 2, 3, 51, 'Sin asignar o sin aula'),
(996, 44, 2, 3, 51, 'Sin asignar o sin aula'),
(997, 72, 2, 3, 51, 'Sin asignar o sin aula'),
(998, 79, 2, 3, 51, 'Sin asignar o sin aula'),
(999, 99, 2, 3, 51, 'Sin asignar o sin aula'),
(1000, 30, 2, 3, 51, 'Sin asignar o sin aula'),
(1001, 65, 2, 3, 51, 'Sin asignar o sin aula'),
(1002, 84, 2, 3, 51, 'Sin asignar o sin aula'),
(1003, 16, 2, 3, 51, 'Sin asignar o sin aula'),
(1004, 62, 2, 5, 51, 'Sin asignar o sin aula'),
(1005, 92, 2, 5, 51, 'Sin asignar o sin aula'),
(1006, 122, 2, 5, 51, 'Sin asignar o sin aula'),
(1007, 100, 2, 5, 51, 'Sin asignar o sin aula'),
(1008, 65, 2, 5, 51, 'Sin asignar o sin aula'),
(1009, 55, 2, 5, 51, 'Sin asignar o sin aula'),
(1010, 49, 2, 5, 51, 'Sin asignar o sin aula'),
(1011, 109, 2, 5, 51, 'Sin asignar o sin aula'),
(1012, 8, 2, 5, 51, 'Sin asignar o sin aula'),
(1013, 4, 2, 6, 51, 'Sin asignar o sin aula'),
(1014, 9, 2, 6, 51, 'Sin asignar o sin aula'),
(1015, 44, 2, 6, 51, 'Sin asignar o sin aula'),
(1016, 79, 2, 6, 51, 'Sin asignar o sin aula'),
(1017, 54, 2, 6, 51, 'Sin asignar o sin aula'),
(1018, 81, 2, 6, 51, 'Sin asignar o sin aula'),
(1019, 106, 2, 6, 51, 'Sin asignar o sin aula'),
(1020, 3, 2, 6, 51, 'Sin asignar o sin aula'),
(1021, 25, 2, 6, 51, 'Sin asignar o sin aula'),
(1022, 98, 2, 7, 51, 'Sin asignar o sin aula'),
(1023, 4, 2, 7, 51, 'Sin asignar o sin aula'),
(1024, 59, 2, 7, 51, 'Sin asignar o sin aula'),
(1025, 19, 2, 7, 51, 'Sin asignar o sin aula'),
(1026, 62, 2, 7, 51, 'Sin asignar o sin aula'),
(1027, 20, 2, 7, 51, 'Sin asignar o sin aula'),
(1028, 40, 2, 7, 51, 'Sin asignar o sin aula'),
(1029, 78, 3, 1, 51, 'Sin asignar o sin aula'),
(1030, 68, 3, 1, 51, 'Sin asignar o sin aula'),
(1031, 36, 3, 1, 51, 'Sin asignar o sin aula'),
(1032, 81, 3, 1, 51, 'Sin asignar o sin aula'),
(1033, 65, 3, 1, 51, 'Sin asignar o sin aula'),
(1034, 57, 3, 1, 51, 'Sin asignar o sin aula'),
(1035, 93, 3, 1, 51, 'Sin asignar o sin aula'),
(1036, 115, 3, 2, 51, 'Sin asignar o sin aula'),
(1037, 90, 3, 2, 51, 'Sin asignar o sin aula'),
(1038, 22, 3, 2, 51, 'Sin asignar o sin aula'),
(1039, 65, 3, 2, 51, 'Sin asignar o sin aula'),
(1040, 109, 3, 2, 51, 'Sin asignar o sin aula'),
(1041, 42, 3, 2, 51, 'Sin asignar o sin aula'),
(1042, 25, 3, 2, 51, 'Sin asignar o sin aula'),
(1043, 9, 3, 3, 51, 'Sin asignar o sin aula'),
(1044, 122, 3, 3, 51, 'Sin asignar o sin aula'),
(1045, 79, 3, 3, 51, 'Sin asignar o sin aula'),
(1046, 24, 3, 3, 51, 'Sin asignar o sin aula'),
(1047, 18, 3, 3, 51, 'Sin asignar o sin aula'),
(1048, 110, 3, 3, 51, 'Sin asignar o sin aula'),
(1049, 93, 3, 3, 51, 'Sin asignar o sin aula'),
(1050, 7, 3, 3, 51, 'Sin asignar o sin aula'),
(1051, 8, 3, 3, 51, 'Sin asignar o sin aula'),
(1052, 4, 3, 5, 51, 'Sin asignar o sin aula'),
(1053, 62, 3, 5, 51, 'Sin asignar o sin aula'),
(1054, 89, 3, 5, 51, 'Sin asignar o sin aula'),
(1055, 13, 3, 5, 51, 'Sin asignar o sin aula'),
(1056, 33, 3, 5, 51, 'Sin asignar o sin aula'),
(1057, 122, 3, 5, 51, 'Sin asignar o sin aula'),
(1058, 118, 3, 5, 51, 'Sin asignar o sin aula'),
(1059, 29, 3, 5, 51, 'Sin asignar o sin aula'),
(1060, 8, 3, 5, 51, 'Sin asignar o sin aula'),
(1061, 59, 3, 6, 51, 'Sin asignar o sin aula'),
(1062, 43, 3, 6, 51, 'Sin asignar o sin aula'),
(1063, 19, 3, 6, 51, 'Sin asignar o sin aula'),
(1064, 105, 3, 6, 51, 'Sin asignar o sin aula'),
(1065, 33, 3, 6, 51, 'Sin asignar o sin aula'),
(1066, 108, 3, 6, 51, 'Sin asignar o sin aula'),
(1067, 107, 3, 6, 51, 'Sin asignar o sin aula'),
(1068, 25, 3, 6, 51, 'Sin asignar o sin aula'),
(1069, 43, 3, 7, 51, 'Sin asignar o sin aula'),
(1070, 114, 3, 7, 51, 'Sin asignar o sin aula'),
(1071, 102, 3, 7, 51, 'Sin asignar o sin aula'),
(1072, 89, 3, 7, 51, 'Sin asignar o sin aula'),
(1073, 87, 3, 7, 51, 'Sin asignar o sin aula'),
(1074, 8, 3, 7, 51, 'Sin asignar o sin aula'),
(1075, 74, 3, 7, 51, 'Sin asignar o sin aula'),
(1076, 105, 4, 1, 51, 'Sin asignar o sin aula'),
(1077, 80, 4, 1, 51, 'Sin asignar o sin aula'),
(1078, 36, 4, 1, 51, 'Sin asignar o sin aula'),
(1079, 29, 4, 1, 51, 'Sin asignar o sin aula'),
(1080, 77, 4, 2, 51, 'Sin asignar o sin aula'),
(1081, 38, 4, 1, 51, 'Sin asignar o sin aula'),
(1082, 116, 4, 1, 51, 'Sin asignar o sin aula'),
(1083, 93, 4, 1, 51, 'Sin asignar o sin aula'),
(1084, 105, 4, 2, 51, 'Sin asignar o sin aula'),
(1085, 35, 4, 2, 51, 'Sin asignar o sin aula'),
(1086, 72, 4, 2, 51, 'Sin asignar o sin aula'),
(1087, 118, 4, 2, 51, 'Sin asignar o sin aula'),
(1088, 30, 4, 2, 51, 'Sin asignar o sin aula'),
(1089, 52, 4, 2, 51, 'Sin asignar o sin aula'),
(1090, 49, 4, 2, 51, 'Sin asignar o sin aula'),
(1091, 111, 4, 3, 51, 'Sin asignar o sin aula'),
(1092, 78, 4, 3, 51, 'Sin asignar o sin aula'),
(1093, 51, 4, 3, 51, 'Sin asignar o sin aula'),
(1094, 24, 4, 3, 51, 'Sin asignar o sin aula'),
(1095, 22, 4, 3, 51, 'Sin asignar o sin aula'),
(1096, 107, 4, 3, 51, 'Sin asignar o sin aula'),
(1097, 38, 4, 3, 51, 'Sin asignar o sin aula'),
(1098, 88, 4, 3, 51, 'Sin asignar o sin aula'),
(1099, 41, 4, 3, 51, 'Sin asignar o sin aula'),
(1100, 115, 4, 5, 51, 'Sin asignar o sin aula'),
(1101, 6, 4, 5, 51, 'Sin asignar o sin aula'),
(1102, 82, 4, 5, 51, 'Sin asignar o sin aula'),
(1103, 58, 4, 5, 51, 'Sin asignar o sin aula'),
(1104, 79, 4, 5, 51, 'Sin asignar o sin aula'),
(1105, 22, 4, 5, 51, 'Sin asignar o sin aula'),
(1106, 39, 4, 5, 51, 'Sin asignar o sin aula'),
(1107, 116, 4, 5, 51, 'Sin asignar o sin aula'),
(1108, 59, 4, 6, 51, 'Sin asignar o sin aula'),
(1109, 43, 4, 6, 51, 'Sin asignar o sin aula'),
(1110, 72, 4, 6, 51, 'Sin asignar o sin aula'),
(1111, 55, 4, 6, 51, 'Sin asignar o sin aula'),
(1112, 109, 4, 6, 51, 'Sin asignar o sin aula'),
(1113, 16, 4, 6, 51, 'Sin asignar o sin aula'),
(1114, 34, 4, 6, 51, 'Sin asignar o sin aula'),
(1115, 62, 4, 7, 51, 'Sin asignar o sin aula'),
(1116, 115, 4, 7, 51, 'Sin asignar o sin aula'),
(1117, 6, 4, 7, 51, 'Sin asignar o sin aula'),
(1118, 65, 4, 7, 51, 'Sin asignar o sin aula'),
(1119, 55, 4, 7, 51, 'Sin asignar o sin aula'),
(1120, 74, 4, 7, 51, 'Sin asignar o sin aula'),
(1121, 63, 4, 7, 51, 'Sin asignar o sin aula'),
(1122, 121, 5, 1, 51, 'Sin asignar o sin aula'),
(1123, 14, 5, 1, 51, 'Sin asignar o sin aula'),
(1124, 102, 5, 1, 51, 'Sin asignar o sin aula'),
(1125, 87, 5, 1, 51, 'Sin asignar o sin aula'),
(1126, 77, 5, 1, 51, 'Sin asignar o sin aula'),
(1127, 84, 5, 1, 51, 'Sin asignar o sin aula'),
(1128, 111, 5, 1, 51, 'Sin asignar o sin aula'),
(1129, 33, 5, 2, 51, 'Sin asignar o sin aula'),
(1130, 117, 5, 2, 51, 'Sin asignar o sin aula'),
(1131, 118, 1, 6, 51, 'Sin asignar o sin aula'),
(1132, 46, 5, 2, 51, 'Sin asignar o sin aula'),
(1133, 10, 5, 2, 51, 'Sin asignar o sin aula'),
(1134, 95, 5, 2, 51, 'Sin asignar o sin aula'),
(1135, 49, 5, 2, 51, 'Sin asignar o sin aula'),
(1136, 119, 5, 2, 51, 'Sin asignar o sin aula'),
(1137, 78, 5, 3, 51, 'Sin asignar o sin aula'),
(1138, 115, 5, 3, 51, 'Sin asignar o sin aula'),
(1139, 104, 5, 3, 51, 'Sin asignar o sin aula'),
(1140, 93, 5, 3, 51, 'Sin asignar o sin aula'),
(1141, 42, 5, 3, 51, 'Sin asignar o sin aula'),
(1142, 7, 5, 3, 51, 'Sin asignar o sin aula'),
(1143, 25, 5, 3, 51, 'Sin asignar o sin aula'),
(1144, 88, 5, 3, 51, 'Sin asignar o sin aula'),
(1145, 41, 5, 5, 51, 'Sin asignar o sin aula'),
(1146, 92, 5, 5, 51, 'Sin asignar o sin aula'),
(1147, 69, 5, 5, 51, 'Sin asignar o sin aula'),
(1148, 40, 5, 5, 51, 'Sin asignar o sin aula'),
(1149, 122, 5, 5, 51, 'Sin asignar o sin aula'),
(1150, 118, 5, 5, 51, 'Sin asignar o sin aula'),
(1151, 5, 5, 5, 51, 'Sin asignar o sin aula'),
(1152, 105, 5, 6, 51, 'Sin asignar o sin aula'),
(1153, 121, 5, 6, 51, 'Sin asignar o sin aula'),
(1154, 80, 5, 6, 51, 'Sin asignar o sin aula'),
(1155, 69, 5, 6, 51, 'Sin asignar o sin aula'),
(1156, 51, 5, 6, 51, 'Sin asignar o sin aula'),
(1157, 45, 5, 6, 51, 'Sin asignar o sin aula'),
(1158, 49, 5, 6, 51, 'Sin asignar o sin aula'),
(1159, 119, 5, 6, 51, 'Sin asignar o sin aula'),
(1160, 105, 5, 7, 51, 'Sin asignar o sin aula'),
(1161, 121, 5, 7, 51, 'Sin asignar o sin aula'),
(1162, 92, 5, 7, 51, 'Sin asignar o sin aula'),
(1163, 80, 5, 7, 51, 'Sin asignar o sin aula'),
(1164, 87, 5, 7, 51, 'Sin asignar o sin aula'),
(1165, 51, 5, 7, 51, 'Sin asignar o sin aula'),
(1166, 8, 5, 7, 51, 'Sin asignar o sin aula'),
(1167, 70, 1, 1, 53, 'Sin asignar o sin aula'),
(1168, 75, 1, 2, 53, 'Sin asignar o sin aula'),
(1169, 38, 1, 3, 53, 'Sin asignar o sin aula'),
(1170, 68, 1, 5, 53, 'Sin asignar o sin aula'),
(1171, 86, 1, 6, 53, 'Sin asignar o sin aula'),
(1172, 96, 1, 7, 53, 'Sin asignar o sin aula'),
(1173, 96, 2, 1, 53, 'Sin asignar o sin aula'),
(1174, 103, 2, 2, 53, 'Sin asignar o sin aula'),
(1175, 116, 2, 3, 53, 'Sin asignar o sin aula'),
(1176, 11, 2, 5, 53, 'Sin asignar o sin aula'),
(1177, 34, 2, 6, 53, 'Sin asignar o sin aula'),
(1178, 120, 2, 7, 53, 'Sin asignar o sin aula'),
(1179, 70, 3, 1, 53, 'Sin asignar o sin aula'),
(1180, 71, 3, 2, 53, 'Sin asignar o sin aula'),
(1181, 66, 3, 3, 53, 'Sin asignar o sin aula'),
(1182, 12, 3, 5, 53, 'Sin asignar o sin aula'),
(1183, 81, 3, 6, 53, 'Sin asignar o sin aula'),
(1184, 56, 3, 7, 53, 'Sin asignar o sin aula'),
(1185, 70, 4, 1, 53, 'Sin asignar o sin aula'),
(1186, 12, 4, 2, 53, 'Sin asignar o sin aula'),
(1187, 116, 4, 3, 53, 'Sin asignar o sin aula'),
(1188, 11, 4, 5, 53, 'Sin asignar o sin aula'),
(1189, 81, 4, 6, 53, 'Sin asignar o sin aula'),
(1190, 64, 4, 7, 53, 'Sin asignar o sin aula'),
(1191, 86, 5, 1, 53, 'Sin asignar o sin aula'),
(1192, 96, 5, 2, 53, 'Sin asignar o sin aula'),
(1193, 38, 5, 3, 53, 'Sin asignar o sin aula'),
(1194, 11, 5, 5, 53, 'Sin asignar o sin aula'),
(1195, 66, 5, 6, 53, 'Sin asignar o sin aula'),
(1196, 56, 5, 7, 53, 'Sin asignar o sin aula'),
(1197, 88, 1, 4, 70, 'Sin asignar o sin aula'),
(1198, 115, 1, 4, 71, 'Sin asignar o sin aula'),
(1199, 92, 1, 4, 66, 'Sin asignar o sin aula'),
(1200, 104, 1, 4, 68, 'Sin asignar o sin aula'),
(1201, 13, 1, 4, 73, 'Sin asignar o sin aula'),
(1202, 122, 1, 4, 67, 'Sin asignar o sin aula'),
(1203, 18, 1, 4, 69, 'Sin asignar o sin aula'),
(1204, 45, 1, 4, 72, 'Sin asignar o sin aula'),
(1205, 84, 1, 4, 62, 'Sin asignar o sin aula'),
(1206, 9, 2, 4, 66, 'Sin asignar o sin aula'),
(1207, 80, 2, 4, 70, 'Sin asignar o sin aula'),
(1208, 58, 2, 4, 67, 'Sin asignar o sin aula'),
(1209, 90, 2, 4, 68, 'Sin asignar o sin aula'),
(1210, 106, 2, 4, 69, 'Sin asignar o sin aula'),
(1211, 39, 2, 4, 71, 'Sin asignar o sin aula'),
(1212, 109, 2, 4, 72, 'Sin asignar o sin aula'),
(1213, 42, 2, 4, 73, 'Sin asignar o sin aula'),
(1214, 25, 2, 4, 62, 'Sin asignar o sin aula'),
(1215, 111, 3, 4, 73, 'Sin asignar o sin aula'),
(1216, 92, 3, 4, 69, 'Sin asignar o sin aula'),
(1217, 104, 3, 4, 72, 'Sin asignar o sin aula'),
(1218, 13, 3, 4, 68, 'Sin asignar o sin aula'),
(1219, 18, 3, 4, 62, 'Sin asignar o sin aula'),
(1220, 110, 3, 4, 70, 'Sin asignar o sin aula'),
(1221, 109, 3, 4, 74, 'Sin asignar o sin aula'),
(1222, 42, 3, 4, 66, 'Sin asignar o sin aula'),
(1223, 25, 3, 4, 67, 'Sin asignar o sin aula'),
(1224, 9, 4, 4, 68, 'Sin asignar o sin aula'),
(1225, 111, 4, 4, 62, 'Sin asignar o sin aula'),
(1226, 122, 4, 4, 70, 'Sin asignar o sin aula'),
(1227, 18, 4, 4, 71, 'Sin asignar o sin aula'),
(1228, 106, 4, 4, 73, 'Sin asignar o sin aula'),
(1229, 110, 4, 4, 72, 'Sin asignar o sin aula'),
(1230, 39, 4, 4, 69, 'Sin asignar o sin aula'),
(1231, 109, 4, 4, 66, 'Sin asignar o sin aula'),
(1232, 42, 4, 4, 67, 'Sin asignar o sin aula'),
(1233, 115, 5, 4, 73, 'Sin asignar o sin aula'),
(1234, 80, 5, 4, 69, 'Sin asignar o sin aula'),
(1235, 58, 5, 4, 68, 'Sin asignar o sin aula'),
(1236, 90, 5, 4, 71, 'Sin asignar o sin aula'),
(1237, 18, 5, 4, 62, 'Sin asignar o sin aula'),
(1238, 45, 5, 4, 67, 'Sin asignar o sin aula'),
(1239, 109, 5, 4, 72, 'Sin asignar o sin aula'),
(1240, 42, 5, 4, 66, 'Sin asignar o sin aula'),
(1241, 84, 5, 4, 70, 'Sin asignar o sin aula'),
(1242, 57, 2, 11, 55, '118'),
(1243, 67, 3, 13, 55, '118'),
(1244, 57, 4, 11, 58, '111'),
(1245, 57, 4, 13, 58, '111'),
(1246, 30, 2, 1, 37, '415'),
(1247, 30, 4, 7, 37, '415'),
(1248, 30, 3, 6, 38, '501'),
(1249, 30, 5, 1, 38, '501'),
(1250, 99, 4, 7, 39, '502'),
(1251, 99, 5, 6, 39, '502'),
(1252, 99, 2, 6, 40, '526'),
(1253, 99, 5, 3, 40, '526'),
(1254, 116, 2, 6, 37, '415'),
(1255, 116, 3, 7, 37, '415'),
(1256, 116, 5, 1, 37, '415'),
(1257, 116, 2, 1, 38, '501'),
(1258, 116, 4, 6, 38, '501'),
(1259, 116, 5, 2, 38, '501'),
(1260, 66, 1, 3, 39, '502'),
(1261, 66, 3, 7, 39, '502'),
(1262, 66, 5, 5, 39, '502'),
(1263, 21, 2, 7, 40, '526'),
(1264, 21, 4, 7, 40, '526'),
(1265, 21, 5, 1, 40, '526'),
(1266, 66, 1, 1, 39, '502'),
(1267, 75, 1, 5, 39, '524'),
(1268, 66, 2, 5, 39, '502'),
(1269, 75, 2, 6, 39, '524'),
(1270, 66, 3, 1, 39, '502'),
(1271, 75, 3, 6, 39, '524'),
(1272, 66, 4, 2, 39, '502'),
(1273, 75, 4, 5, 39, '524'),
(1274, 94, 1, 1, 32, '602'),
(1275, 94, 2, 1, 32, '602'),
(1276, 94, 4, 2, 32, '602'),
(1277, 94, 5, 3, 32, '602'),
(1278, 3, 2, 2, 33, '112'),
(1279, 3, 3, 7, 33, '526'),
(1280, 3, 4, 3, 33, '112'),
(1281, 3, 5, 3, 33, '112'),
(1282, 21, 2, 2, 34, '303'),
(1283, 21, 3, 7, 34, '303'),
(1284, 21, 4, 3, 34, '303'),
(1285, 21, 5, 3, 34, '303'),
(1286, 3, 2, 2, 36, '112'),
(1287, 3, 3, 7, 36, '526'),
(1288, 3, 4, 3, 36, '112'),
(1289, 3, 5, 3, 36, '112'),
(1290, 28, 2, 7, 49, '101'),
(1291, 28, 4, 7, 49, '101'),
(1292, 28, 5, 7, 49, '101'),
(1293, 28, 1, 17, 65, '101'),
(1294, 28, 1, 19, 65, '101'),
(1295, 28, 3, 19, 65, '101'),
(1296, 47, 1, 1, 45, '312'),
(1297, 47, 4, 1, 45, '312'),
(1298, 47, 4, 2, 45, '312'),
(1299, 86, 2, 1, 44, '114'),
(1300, 86, 3, 1, 44, '114'),
(1301, 86, 4, 1, 44, '114'),
(1302, 105, 3, 7, 46, '314'),
(1303, 105, 4, 6, 46, '314'),
(1304, 105, 4, 7, 46, '314'),
(1305, 78, 1, 1, 50, '104'),
(1306, 78, 4, 5, 50, '104'),
(1307, 78, 5, 5, 50, '104'),
(1308, 47, 3, 1, 42, '313'),
(1309, 47, 3, 2, 42, '313'),
(1310, 47, 4, 3, 42, '313'),
(1311, 47, 4, 5, 42, '313'),
(1312, 101, 1, 1, 42, '313'),
(1313, 101, 1, 2, 42, '313'),
(1314, 101, 2, 2, 42, '313'),
(1315, 101, 2, 3, 42, '313'),
(1316, 101, 4, 2, 42, '313'),
(1317, 101, 5, 3, 42, '313'),
(1318, 101, 5, 5, 42, '313'),
(1319, 61, 1, 3, 37, '415'),
(1320, 61, 3, 1, 37, '415'),
(1321, 61, 5, 5, 37, '415'),
(1322, 6, 1, 5, 38, '501'),
(1323, 6, 3, 3, 38, '501'),
(1324, 6, 5, 7, 38, '501'),
(1325, 35, 2, 7, 39, '502'),
(1326, 35, 3, 5, 39, '502'),
(1327, 35, 5, 3, 39, '502'),
(1328, 97, 2, 11, 58, '111'),
(1329, 28, 2, 6, 47, '116'),
(1330, 28, 4, 1, 47, '115'),
(1331, 28, 5, 1, 47, '116'),
(1332, 28, 5, 2, 47, '116'),
(1333, 28, 1, 15, 64, '115'),
(1334, 28, 2, 19, 64, '115'),
(1335, 28, 3, 15, 64, '115'),
(1336, 28, 3, 17, 64, '115'),
(1337, 61, 2, 5, 36, '211'),
(1338, 61, 3, 3, 36, '211'),
(1339, 61, 4, 1, 36, '211'),
(1340, 97, 1, 5, 35, '601'),
(1341, 97, 3, 5, 35, '601'),
(1342, 97, 4, 5, 35, '601'),
(1343, 82, 2, 5, 32, '602'),
(1344, 82, 3, 2, 32, '602'),
(1345, 82, 5, 5, 32, '602'),
(1346, 58, 1, 2, 33, '117'),
(1347, 58, 2, 3, 33, '117'),
(1348, 58, 4, 6, 33, '117'),
(1349, 97, 1, 2, 34, '303'),
(1350, 97, 2, 5, 34, '303'),
(1351, 97, 5, 1, 34, '303'),
(1352, 58, 2, 7, 1, '401'),
(1353, 58, 3, 2, 1, '401'),
(1354, 58, 4, 2, 1, '401'),
(1355, 58, 5, 5, 1, '401'),
(1356, 14, 1, 1, 2, '403'),
(1357, 14, 2, 1, 2, '403'),
(1358, 14, 4, 1, 2, '403'),
(1359, 14, 5, 5, 2, '403'),
(1360, 102, 1, 1, 3, '405'),
(1361, 102, 2, 1, 3, '405'),
(1362, 102, 3, 3, 3, '405'),
(1363, 102, 4, 6, 3, '405'),
(1364, 58, 1, 1, 4, '422'),
(1365, 58, 2, 1, 4, '422'),
(1366, 58, 4, 1, 4, '422'),
(1367, 58, 5, 3, 4, '422'),
(1368, 86, 1, 2, 5, '426'),
(1369, 86, 2, 2, 5, '426'),
(1370, 86, 3, 2, 5, '426'),
(1371, 86, 4, 3, 5, '426'),
(1372, 14, 1, 3, 6, '411'),
(1373, 14, 2, 3, 6, '411'),
(1374, 14, 3, 2, 6, '411'),
(1375, 14, 5, 2, 6, '411'),
(1376, 102, 1, 2, 7, '413'),
(1377, 102, 2, 2, 7, '413'),
(1378, 102, 3, 2, 7, '413'),
(1379, 102, 4, 1, 7, '413'),
(1380, 102, 1, 3, 8, '416'),
(1381, 102, 3, 6, 8, '416'),
(1382, 102, 4, 7, 8, '416'),
(1383, 102, 5, 2, 8, '416'),
(1384, 89, 1, 1, 41, '116'),
(1385, 89, 1, 2, 41, '116'),
(1386, 89, 2, 7, 41, '116'),
(1387, 89, 3, 1, 41, '116'),
(1388, 89, 3, 2, 41, '116'),
(1389, 89, 2, 15, 63, '114'),
(1390, 89, 2, 19, 63, '114'),
(1391, 89, 4, 17, 63, '114'),
(1392, 89, 4, 19, 63, '114'),
(1393, 89, 5, 19, 63, '114'),
(1394, 97, 2, 13, 55, '118'),
(1395, 35, 3, 1, 13, '524'),
(1396, 35, 4, 3, 13, '524'),
(1397, 35, 5, 6, 13, '524'),
(1398, 35, 3, 1, 14, '524'),
(1399, 35, 4, 3, 14, '524'),
(1400, 35, 5, 6, 14, '524'),
(1401, 6, 2, 2, 40, '526'),
(1402, 6, 3, 6, 40, '526'),
(1403, 6, 5, 2, 40, '526'),
(1404, 97, 1, 6, 9, '513'),
(1405, 97, 3, 1, 9, '513'),
(1406, 97, 5, 5, 9, '513'),
(1407, 58, 2, 5, 10, '113'),
(1408, 58, 4, 7, 10, '113'),
(1409, 58, 5, 7, 10, '113'),
(1410, 97, 1, 1, 11, '423'),
(1411, 97, 3, 3, 11, '423'),
(1412, 97, 4, 6, 11, '423'),
(1413, 14, 1, 5, 12, '425'),
(1414, 14, 2, 5, 12, '425'),
(1415, 14, 4, 2, 12, '425'),
(1416, 14, 3, 1, 13, '525'),
(1417, 14, 4, 3, 13, '525'),
(1418, 14, 5, 6, 13, '525'),
(1419, 58, 3, 1, 14, '521'),
(1420, 58, 4, 3, 14, '521'),
(1421, 58, 5, 6, 14, '521'),
(1422, 82, 1, 3, 15, '112'),
(1423, 82, 3, 5, 15, '112'),
(1424, 82, 4, 6, 15, '112'),
(1425, 61, 1, 6, 16, '201'),
(1426, 61, 2, 6, 16, '201'),
(1427, 61, 3, 5, 16, '201'),
(1428, 61, 5, 3, 16, '201'),
(1429, 6, 1, 6, 17, '404'),
(1430, 6, 2, 6, 17, '404'),
(1431, 6, 3, 5, 17, '404'),
(1432, 6, 5, 3, 17, '404'),
(1433, 61, 1, 2, 18, '402'),
(1434, 61, 2, 2, 18, '402'),
(1435, 61, 3, 2, 18, '402'),
(1436, 61, 5, 1, 18, '402'),
(1437, 61, 1, 1, 20, '406'),
(1438, 61, 3, 6, 20, '406'),
(1439, 61, 4, 2, 20, '406'),
(1440, 61, 5, 2, 20, '406'),
(1441, 6, 1, 7, 21, '514'),
(1442, 6, 3, 7, 21, '514'),
(1443, 6, 4, 1, 21, '514'),
(1444, 6, 5, 6, 21, '514'),
(1445, 82, 1, 7, 22, '417'),
(1446, 82, 2, 7, 22, '417'),
(1447, 82, 3, 7, 22, '417'),
(1448, 82, 4, 7, 22, '417'),
(1449, 82, 1, 2, 23, '412'),
(1450, 82, 2, 3, 23, '412'),
(1451, 82, 3, 6, 23, '412'),
(1452, 82, 5, 6, 23, '412'),
(1453, 14, 1, 6, 16, '512'),
(1454, 14, 2, 6, 16, '512'),
(1455, 14, 3, 5, 16, '512'),
(1456, 14, 5, 3, 16, '512'),
(1457, 14, 1, 6, 17, '512'),
(1458, 14, 2, 6, 17, '512'),
(1459, 14, 3, 5, 17, '512'),
(1460, 14, 5, 3, 17, '512'),
(1461, 82, 1, 6, 24, '424'),
(1462, 82, 2, 6, 24, '424'),
(1463, 82, 3, 3, 24, '424'),
(1464, 82, 5, 7, 24, '424'),
(1465, 35, 1, 2, 25, '414'),
(1466, 35, 2, 5, 25, '414'),
(1467, 35, 4, 6, 25, '414'),
(1468, 35, 5, 7, 25, '414'),
(1469, 86, 1, 1, 26, '111'),
(1470, 86, 2, 5, 26, '111'),
(1471, 86, 3, 5, 26, '111'),
(1472, 86, 5, 2, 26, '111'),
(1477, 35, 1, 1, 28, '522'),
(1478, 35, 2, 2, 28, '522'),
(1479, 35, 3, 2, 28, '522'),
(1480, 35, 4, 1, 28, '522'),
(1481, 102, 1, 5, 29, '202'),
(1482, 102, 3, 1, 29, '202'),
(1483, 102, 4, 2, 29, '202'),
(1484, 102, 5, 3, 29, '202'),
(1485, 16, 2, 5, 16, '417'),
(1486, 16, 5, 5, 16, '417'),
(1487, 16, 2, 5, 17, '417'),
(1488, 16, 5, 5, 17, '417'),
(1489, 16, 2, 5, 18, '417'),
(1490, 16, 5, 5, 18, '417'),
(1491, 16, 2, 5, 20, '417'),
(1492, 16, 5, 5, 20, '417'),
(1493, 16, 2, 5, 21, '417'),
(1494, 16, 5, 5, 21, '417'),
(1495, 16, 2, 5, 22, '417'),
(1496, 16, 5, 5, 22, '417'),
(1497, 16, 2, 5, 23, '417'),
(1498, 16, 5, 5, 23, '417'),
(1499, 16, 1, 7, 28, '522'),
(1500, 16, 4, 7, 28, '522'),
(1501, 16, 5, 7, 28, '522'),
(1502, 16, 2, 7, 29, '202'),
(1503, 16, 3, 7, 29, '202'),
(1504, 16, 5, 2, 29, '202'),
(1505, 69, 1, 5, 45, '312'),
(1506, 69, 2, 2, 45, '312'),
(1507, 69, 2, 3, 45, '312'),
(1508, 69, 3, 1, 45, '312'),
(1509, 69, 3, 2, 45, '312'),
(1510, 69, 5, 3, 45, '312'),
(1511, 47, 1, 2, 45, '312'),
(1512, 47, 1, 3, 45, '312'),
(1513, 47, 2, 1, 45, '312'),
(1514, 47, 3, 3, 45, '312'),
(1515, 47, 5, 5, 45, '312'),
(1516, 47, 5, 6, 45, '312'),
(1517, 101, 1, 3, 42, '313'),
(1518, 101, 1, 5, 42, '313'),
(1519, 101, 2, 1, 42, '313'),
(1520, 101, 4, 1, 42, '313'),
(1521, 101, 5, 1, 42, '313'),
(1522, 101, 5, 2, 42, '313'),
(1523, 101, 2, 5, 45, '312'),
(1524, 101, 3, 5, 45, '312'),
(1525, 101, 3, 6, 45, '312'),
(1526, 101, 4, 3, 45, '312'),
(1527, 101, 4, 5, 45, '312'),
(1528, 51, 1, 3, 34, '403'),
(1529, 51, 2, 6, 34, '301'),
(1530, 51, 3, 5, 34, '301'),
(1531, 51, 4, 1, 34, '301'),
(1532, 51, 1, 6, 39, '524'),
(1533, 51, 2, 1, 39, '524'),
(1534, 51, 4, 6, 39, '524'),
(1535, 51, 5, 2, 39, '524'),
(1536, 51, 2, 2, 24, '414'),
(1537, 51, 3, 2, 24, '414'),
(1538, 51, 5, 3, 24, '414'),
(1539, 51, 2, 2, 25, '414'),
(1540, 51, 3, 2, 25, '414'),
(1541, 51, 5, 3, 25, '414'),
(1542, 60, 2, 1, 35, '601'),
(1543, 60, 3, 1, 35, '601'),
(1544, 60, 5, 5, 35, '601'),
(1545, 90, 1, 6, 36, '211'),
(1546, 90, 2, 1, 36, '211'),
(1547, 90, 3, 5, 36, '211'),
(1548, 50, 1, 5, 32, '602'),
(1549, 50, 3, 1, 32, '602'),
(1550, 50, 4, 5, 32, '602'),
(1551, 40, 1, 5, 33, '117'),
(1552, 40, 3, 1, 33, '117'),
(1553, 40, 5, 6, 33, '117'),
(1554, 40, 1, 1, 34, '303'),
(1555, 40, 4, 2, 34, '303'),
(1556, 40, 5, 7, 34, '303'),
(1557, 60, 2, 5, 37, '415'),
(1558, 60, 4, 6, 37, '415'),
(1559, 60, 5, 6, 37, '415'),
(1560, 50, 1, 7, 38, '501'),
(1561, 50, 3, 7, 38, '501'),
(1562, 50, 4, 7, 38, '501'),
(1563, 2, 2, 2, 39, '502'),
(1564, 2, 4, 3, 39, '502'),
(1565, 2, 5, 1, 39, '502'),
(1566, 12, 1, 1, 16, '512'),
(1567, 12, 2, 2, 16, '512'),
(1568, 12, 3, 2, 16, '512'),
(1569, 12, 4, 1, 16, '512'),
(1570, 12, 1, 1, 17, '512'),
(1571, 12, 2, 2, 17, '512'),
(1572, 12, 3, 2, 17, '512'),
(1573, 12, 4, 1, 17, '512'),
(1574, 40, 1, 2, 1, '401'),
(1575, 40, 2, 3, 1, '401'),
(1576, 40, 4, 6, 1, '401'),
(1577, 40, 5, 2, 1, '401'),
(1578, 13, 1, 6, 2, '403'),
(1579, 13, 3, 6, 2, '403'),
(1580, 13, 4, 6, 2, '513'),
(1581, 13, 5, 6, 2, '403'),
(1582, 87, 1, 6, 3, '405'),
(1583, 8, 1, 6, 3, '408'),
(1584, 87, 2, 3, 3, '405'),
(1585, 8, 2, 3, 3, '408'),
(1586, 87, 4, 7, 3, '405'),
(1587, 8, 4, 7, 3, '408'),
(1588, 87, 5, 2, 3, '405'),
(1589, 8, 5, 2, 3, '408'),
(1590, 13, 1, 7, 4, '422'),
(1591, 13, 2, 7, 4, '422'),
(1592, 13, 3, 7, 4, '422'),
(1593, 13, 4, 5, 4, '422'),
(1594, 53, 1, 3, 5, '426'),
(1595, 53, 2, 1, 5, '426'),
(1596, 53, 4, 1, 5, '426'),
(1597, 53, 5, 2, 5, '426'),
(1598, 104, 1, 7, 6, '411'),
(1599, 104, 2, 7, 6, '411'),
(1600, 104, 3, 6, 6, '411'),
(1601, 104, 4, 3, 6, '411'),
(1602, 87, 1, 5, 7, '413'),
(1603, 8, 1, 5, 7, '408'),
(1604, 87, 2, 7, 7, '413'),
(1605, 8, 2, 7, 7, '408'),
(1606, 87, 3, 6, 7, '413'),
(1607, 8, 3, 6, 7, '408'),
(1608, 87, 4, 3, 7, '413'),
(1609, 8, 4, 3, 7, '408'),
(1610, 87, 1, 7, 8, '416'),
(1611, 8, 1, 7, 8, '408'),
(1612, 87, 3, 2, 8, '416'),
(1613, 8, 3, 2, 8, '408'),
(1614, 87, 4, 2, 8, '416'),
(1615, 8, 4, 2, 8, '408'),
(1616, 87, 5, 5, 8, '416'),
(1617, 8, 5, 5, 8, '408'),
(1618, 71, 1, 7, 13, '524'),
(1619, 71, 2, 5, 13, '524'),
(1620, 71, 3, 3, 13, '524'),
(1621, 71, 5, 5, 13, '524'),
(1622, 71, 1, 7, 14, '524'),
(1623, 71, 2, 5, 14, '524'),
(1624, 71, 3, 3, 14, '524'),
(1625, 71, 5, 5, 14, '524'),
(1626, 2, 1, 1, 40, '526'),
(1627, 2, 3, 1, 40, '526'),
(1628, 2, 4, 2, 40, '526'),
(1629, 72, 2, 5, 9, '513'),
(1630, 13, 2, 5, 9, '512'),
(1631, 72, 3, 3, 9, '513'),
(1632, 13, 3, 3, 9, '512'),
(1633, 72, 4, 3, 9, '513'),
(1634, 13, 4, 3, 9, '512'),
(1635, 72, 5, 7, 9, '513'),
(1636, 13, 5, 7, 9, '512'),
(1637, 71, 1, 1, 10, '113'),
(1638, 71, 3, 5, 10, '113'),
(1639, 71, 4, 2, 10, '113'),
(1640, 71, 5, 2, 10, '113'),
(1641, 72, 1, 6, 11, '423'),
(1642, 72, 3, 2, 11, '423'),
(1643, 72, 4, 7, 11, '423'),
(1644, 72, 5, 6, 11, '423'),
(1645, 90, 2, 6, 12, '425'),
(1646, 8, 2, 6, 12, '408'),
(1647, 90, 3, 1, 12, '425'),
(1648, 8, 3, 1, 12, '408'),
(1649, 90, 4, 6, 12, '425'),
(1650, 8, 4, 6, 12, '408'),
(1651, 90, 5, 3, 12, '425'),
(1652, 8, 5, 3, 12, '408'),
(1653, 26, 1, 7, 13, '525'),
(1654, 26, 2, 5, 13, '525'),
(1655, 26, 3, 3, 13, '525'),
(1656, 26, 5, 5, 13, '525'),
(1657, 90, 1, 7, 14, '521'),
(1658, 90, 2, 5, 14, '521'),
(1659, 90, 3, 3, 14, '521'),
(1660, 90, 5, 5, 14, '521'),
(1661, 90, 2, 7, 15, '112'),
(1662, 90, 3, 7, 15, '112'),
(1663, 90, 4, 5, 15, '112'),
(1664, 90, 5, 6, 15, '112'),
(1665, 26, 1, 1, 16, '201'),
(1666, 26, 2, 2, 16, '201'),
(1667, 26, 3, 2, 16, '201'),
(1668, 26, 4, 1, 16, '201'),
(1669, 60, 1, 1, 17, '404'),
(1670, 60, 2, 2, 17, '404'),
(1671, 60, 3, 2, 17, '404'),
(1672, 60, 4, 1, 17, '404'),
(1673, 60, 2, 3, 18, '402'),
(1674, 60, 3, 5, 18, '402'),
(1675, 60, 4, 2, 18, '402'),
(1676, 60, 5, 3, 18, '402'),
(1677, 104, 1, 3, 20, '406'),
(1678, 104, 2, 6, 20, '406'),
(1679, 104, 3, 2, 20, '406'),
(1680, 104, 4, 5, 20, '406'),
(1681, 104, 1, 6, 21, '514'),
(1682, 104, 3, 5, 21, '514');
INSERT INTO `horario_lectivo` (`id_horario`, `usuario`, `dia`, `hora`, `grupo`, `aula`) VALUES
(1683, 104, 4, 7, 21, '514'),
(1684, 104, 5, 2, 21, '514'),
(1685, 26, 1, 5, 22, '417'),
(1686, 26, 2, 3, 22, '417'),
(1687, 26, 4, 2, 22, '417'),
(1688, 26, 5, 7, 22, '417'),
(1689, 26, 1, 3, 23, '412'),
(1690, 26, 2, 1, 23, '412'),
(1691, 26, 4, 5, 23, '412'),
(1692, 26, 5, 1, 23, '412'),
(1693, 104, 1, 5, 24, '424'),
(1694, 104, 3, 1, 24, '424'),
(1695, 104, 5, 1, 24, '424'),
(1696, 40, 1, 3, 25, '414'),
(1697, 40, 2, 6, 25, '414'),
(1698, 40, 4, 1, 25, '414'),
(1699, 40, 2, 1, 26, '111'),
(1700, 40, 4, 5, 26, '111'),
(1701, 40, 5, 3, 26, '111'),
(1705, 72, 1, 2, 28, '522'),
(1706, 72, 3, 6, 28, '525'),
(1707, 72, 5, 5, 28, '522'),
(1708, 90, 2, 3, 29, '202'),
(1709, 90, 4, 7, 29, '202'),
(1710, 90, 5, 7, 29, '202'),
(1711, 87, 2, 18, 58, '111'),
(1712, 87, 3, 11, 55, '118'),
(1713, 114, 3, 1, 48, '103'),
(1714, 114, 3, 2, 48, '103'),
(1715, 114, 4, 6, 48, '103'),
(1716, 114, 4, 7, 48, '103'),
(1717, 53, 3, 3, 37, '502'),
(1718, 53, 5, 7, 37, '502'),
(1719, 53, 3, 3, 39, '502'),
(1720, 53, 5, 7, 39, '502'),
(1721, 71, 2, 2, 33, '117'),
(1722, 71, 3, 7, 33, '117'),
(1723, 71, 4, 3, 33, '117'),
(1724, 71, 5, 3, 33, '117'),
(1725, 53, 2, 2, 34, '211'),
(1726, 53, 3, 7, 34, '211'),
(1727, 53, 4, 3, 34, '211'),
(1728, 53, 5, 3, 34, '211'),
(1729, 53, 2, 2, 36, '211'),
(1730, 53, 3, 7, 36, '211'),
(1731, 53, 4, 3, 36, '211'),
(1732, 53, 5, 3, 36, '211'),
(1733, 77, 3, 16, 58, '111'),
(1734, 77, 3, 18, 58, '111'),
(1735, 65, 1, 2, 32, '602'),
(1736, 65, 2, 7, 32, '602'),
(1737, 65, 3, 6, 32, '602'),
(1738, 65, 4, 3, 32, '602'),
(1739, 110, 1, 3, 33, '117'),
(1740, 110, 2, 6, 33, '117'),
(1741, 110, 3, 2, 33, '117'),
(1742, 110, 4, 5, 33, '117'),
(1743, 85, 1, 3, 34, '303'),
(1744, 85, 2, 6, 34, '303'),
(1745, 85, 3, 5, 34, '303'),
(1746, 85, 4, 1, 34, '303'),
(1747, 45, 1, 3, 38, '501'),
(1748, 45, 2, 7, 38, '501'),
(1749, 45, 4, 5, 38, '501'),
(1750, 45, 5, 5, 38, '501'),
(1751, 77, 1, 6, 39, '502'),
(1752, 77, 2, 1, 39, '502'),
(1753, 77, 4, 6, 39, '502'),
(1754, 77, 5, 2, 39, '502'),
(1755, 107, 1, 2, 35, '601'),
(1756, 107, 3, 2, 35, '601'),
(1757, 107, 4, 1, 35, '601'),
(1758, 107, 5, 7, 35, '601'),
(1759, 7, 2, 1, 1, '401'),
(1760, 7, 3, 6, 1, '401'),
(1761, 7, 4, 3, 1, '401'),
(1762, 7, 5, 7, 1, '401'),
(1763, 65, 2, 2, 2, '403'),
(1764, 65, 3, 7, 2, '403'),
(1765, 65, 4, 2, 2, '403'),
(1766, 65, 5, 3, 2, '403'),
(1767, 39, 1, 7, 3, '405'),
(1768, 39, 3, 7, 3, '405'),
(1769, 39, 4, 2, 3, '405'),
(1770, 39, 5, 7, 3, '405'),
(1771, 39, 2, 3, 4, '422'),
(1772, 39, 3, 3, 4, '422'),
(1773, 39, 4, 3, 4, '422'),
(1774, 39, 5, 6, 4, '422'),
(1775, 23, 2, 6, 5, '426'),
(1776, 23, 3, 6, 5, '426'),
(1777, 23, 4, 6, 5, '426'),
(1778, 23, 5, 7, 5, '426'),
(1779, 23, 1, 1, 6, '411'),
(1780, 23, 2, 5, 6, '411'),
(1781, 23, 4, 1, 6, '411'),
(1782, 23, 5, 1, 6, '411'),
(1783, 107, 1, 1, 7, '413'),
(1784, 107, 3, 7, 7, '413'),
(1785, 107, 4, 2, 7, '413'),
(1786, 107, 5, 6, 7, '413'),
(1787, 39, 1, 6, 8, '416'),
(1788, 39, 2, 5, 8, '416'),
(1789, 39, 3, 5, 8, '416'),
(1790, 39, 4, 1, 8, '416'),
(1791, 79, 1, 2, 13, '524'),
(1792, 79, 2, 2, 13, '524'),
(1793, 79, 3, 5, 13, 'TIC1'),
(1794, 79, 4, 7, 13, '524'),
(1795, 79, 1, 2, 14, '524'),
(1796, 79, 2, 2, 14, '524'),
(1797, 79, 3, 5, 14, 'TIC1'),
(1798, 79, 4, 7, 14, '524'),
(1799, 52, 2, 5, 40, '526'),
(1800, 52, 3, 5, 40, '526'),
(1801, 52, 4, 3, 40, '526'),
(1802, 52, 5, 7, 40, '526'),
(1803, 7, 1, 2, 9, '513'),
(1804, 88, 1, 2, 9, '512'),
(1805, 7, 3, 7, 9, '513'),
(1806, 88, 3, 7, 9, '512'),
(1807, 7, 4, 2, 9, '513'),
(1808, 88, 4, 2, 9, '512'),
(1809, 7, 5, 2, 9, '513'),
(1810, 88, 5, 2, 9, '512'),
(1811, 45, 1, 5, 10, '113'),
(1812, 45, 2, 6, 10, '113'),
(1813, 45, 3, 6, 10, '113'),
(1814, 45, 4, 6, 10, '113'),
(1815, 110, 1, 7, 11, '423'),
(1816, 110, 2, 7, 11, '423'),
(1817, 110, 4, 3, 11, '423'),
(1818, 110, 5, 2, 11, '423'),
(1819, 7, 2, 2, 12, '425'),
(1820, 124, 2, 2, 12, '408'),
(1821, 7, 3, 5, 12, '425'),
(1822, 124, 3, 5, 12, '408'),
(1823, 7, 4, 5, 12, '425'),
(1824, 124, 4, 5, 12, '408'),
(1825, 7, 5, 6, 12, '425'),
(1826, 124, 5, 6, 12, '408'),
(1827, 45, 1, 2, 13, '525'),
(1828, 45, 2, 2, 13, '525'),
(1829, 45, 3, 5, 13, '525'),
(1830, 45, 4, 7, 13, '525'),
(1831, 110, 1, 2, 14, '521'),
(1832, 110, 2, 2, 14, '521'),
(1833, 110, 3, 5, 14, '521'),
(1834, 110, 4, 7, 14, '521'),
(1835, 45, 1, 7, 15, '112'),
(1836, 45, 2, 3, 15, '112'),
(1837, 45, 4, 1, 15, '112'),
(1838, 45, 5, 7, 15, '112'),
(1839, 33, 1, 5, 16, '302'),
(1840, 33, 2, 1, 16, '302'),
(1841, 33, 3, 1, 16, '302'),
(1842, 33, 4, 6, 16, '302'),
(1843, 33, 1, 5, 17, '302'),
(1844, 33, 2, 1, 17, '302'),
(1845, 33, 3, 1, 17, '302'),
(1846, 33, 4, 6, 17, '302'),
(1847, 52, 1, 5, 16, '404'),
(1848, 52, 2, 1, 16, '404'),
(1849, 52, 3, 1, 16, '404'),
(1850, 52, 4, 6, 16, '404'),
(1851, 52, 1, 5, 17, '404'),
(1852, 52, 2, 1, 17, '404'),
(1853, 52, 3, 1, 17, '404'),
(1854, 52, 4, 6, 17, '404'),
(1855, 39, 1, 5, 18, '402'),
(1856, 39, 2, 1, 18, '402'),
(1857, 39, 3, 1, 18, '402'),
(1858, 39, 4, 6, 18, '402'),
(1859, 85, 1, 5, 20, '406'),
(1860, 85, 2, 1, 20, '406'),
(1861, 85, 4, 6, 20, '406'),
(1862, 85, 5, 1, 20, '406'),
(1863, 65, 1, 5, 21, '514'),
(1864, 65, 2, 1, 21, '514'),
(1865, 65, 4, 6, 21, '514'),
(1866, 65, 5, 1, 21, '514'),
(1867, 112, 1, 6, 22, '417'),
(1868, 112, 2, 6, 22, '417'),
(1869, 112, 3, 5, 22, '417'),
(1870, 112, 5, 2, 22, '417'),
(1871, 65, 1, 6, 23, '412'),
(1872, 65, 2, 6, 23, '412'),
(1873, 65, 3, 5, 23, '412'),
(1874, 65, 5, 2, 23, '412'),
(1875, 107, 1, 3, 24, '424'),
(1876, 107, 2, 3, 24, '424'),
(1877, 107, 3, 5, 24, '424'),
(1878, 107, 4, 6, 24, '424'),
(1879, 107, 1, 6, 25, '414'),
(1880, 107, 2, 1, 25, '414'),
(1881, 107, 3, 1, 25, '414'),
(1882, 107, 4, 7, 25, '414'),
(1883, 52, 1, 3, 26, '111'),
(1884, 52, 2, 6, 26, '111'),
(1885, 52, 3, 3, 26, '111'),
(1886, 52, 4, 1, 26, '111'),
(1891, 110, 1, 5, 16, '201'),
(1892, 110, 2, 1, 16, '201'),
(1893, 110, 3, 1, 16, '201'),
(1894, 110, 4, 6, 16, '201'),
(1895, 110, 1, 5, 17, '201'),
(1896, 110, 2, 1, 17, '201'),
(1897, 110, 3, 1, 17, '201'),
(1898, 110, 4, 6, 17, '201'),
(1899, 110, 1, 5, 18, '201'),
(1900, 110, 2, 1, 18, '201'),
(1901, 110, 3, 1, 18, '201'),
(1902, 110, 4, 6, 18, '201'),
(1903, 22, 1, 5, 20, '405'),
(1904, 22, 2, 1, 20, '416'),
(1905, 22, 4, 6, 20, '422'),
(1906, 22, 5, 1, 20, '416'),
(1907, 22, 1, 5, 21, '405'),
(1908, 22, 2, 1, 21, '416'),
(1909, 22, 4, 6, 21, '422'),
(1910, 22, 5, 1, 21, '416'),
(1911, 22, 1, 6, 22, '601'),
(1912, 22, 2, 6, 22, '501'),
(1913, 22, 3, 5, 22, '602'),
(1914, 22, 5, 2, 22, '602'),
(1915, 22, 1, 6, 23, '601'),
(1916, 22, 2, 6, 23, '501'),
(1917, 22, 3, 5, 23, '602'),
(1918, 22, 5, 2, 23, '602'),
(1919, 22, 1, 3, 28, '522'),
(1920, 22, 2, 3, 28, '522'),
(1921, 22, 3, 1, 28, '522'),
(1922, 22, 4, 2, 28, '522'),
(1923, 22, 1, 1, 29, '202'),
(1924, 22, 2, 5, 29, '202'),
(1925, 22, 3, 3, 29, '202'),
(1926, 22, 4, 1, 29, '202'),
(1927, 77, 2, 16, 55, '118'),
(1928, 77, 2, 18, 55, '118'),
(1929, 78, 1, 2, 43, '102'),
(1930, 78, 2, 3, 43, '102'),
(1931, 78, 2, 5, 43, '102'),
(1932, 78, 4, 1, 43, '102'),
(1933, 114, 4, 1, 43, '102'),
(1934, 78, 4, 2, 43, '102'),
(1935, 78, 5, 1, 43, '102'),
(1936, 114, 5, 1, 43, '102'),
(1937, 78, 5, 2, 43, '102'),
(1938, 114, 5, 2, 43, '102'),
(1939, 76, 1, 7, 1, '401'),
(1940, 76, 3, 7, 1, 'MÚSICA'),
(1941, 76, 2, 3, 2, 'MÚSICA'),
(1942, 76, 4, 3, 2, '403'),
(1943, 76, 2, 2, 3, 'MÚSICA'),
(1944, 76, 5, 6, 3, 'MÚSICA'),
(1945, 76, 2, 5, 4, 'MÚSICA'),
(1946, 76, 4, 6, 4, 'MÚSICA'),
(1947, 103, 2, 5, 5, '426'),
(1948, 103, 4, 5, 5, 'MÚSICA'),
(1949, 76, 2, 6, 6, 'MÚSICA'),
(1950, 76, 4, 7, 6, 'MÚSICA'),
(1951, 76, 3, 5, 7, 'MÚSICA'),
(1952, 76, 5, 7, 7, 'MÚSICA'),
(1953, 103, 2, 3, 8, '416'),
(1954, 103, 4, 3, 8, 'MÚSICA'),
(1955, 103, 2, 6, 9, '513'),
(1956, 103, 4, 1, 9, 'MÚSICA'),
(1957, 103, 1, 7, 10, 'MÚSICA'),
(1958, 103, 5, 1, 10, 'MÚSICA'),
(1959, 103, 1, 2, 11, 'MÚSICA'),
(1960, 103, 3, 1, 11, 'MÚSICA'),
(1961, 103, 2, 1, 12, 'MÚSICA'),
(1962, 103, 5, 2, 12, 'MÚSICA'),
(1963, 76, 2, 7, 13, '525'),
(1964, 76, 4, 2, 13, 'MÚSICA'),
(1965, 103, 2, 7, 14, 'MÚSICA'),
(1966, 103, 4, 2, 14, '521'),
(1967, 103, 1, 1, 15, 'MÚSICA'),
(1968, 103, 5, 3, 15, 'MÚSICA'),
(1969, 115, 1, 3, 47, '115'),
(1970, 115, 1, 5, 47, '115'),
(1971, 115, 3, 3, 47, '115'),
(1972, 115, 3, 5, 47, '115'),
(1973, 115, 4, 2, 47, '115'),
(1974, 115, 4, 3, 47, '115'),
(1975, 62, 1, 17, 64, '115'),
(1976, 62, 1, 19, 64, '115'),
(1977, 62, 2, 8, 64, '115'),
(1978, 62, 2, 10, 64, '115'),
(1979, 62, 5, 17, 64, '115'),
(1980, 62, 5, 19, 64, '115'),
(1981, 43, 1, 3, 44, '114'),
(1982, 43, 2, 7, 44, '114'),
(1983, 43, 3, 2, 44, '114'),
(1984, 43, 4, 3, 44, '114'),
(1985, 43, 4, 5, 44, '114'),
(1986, 43, 5, 3, 44, '114'),
(1987, 43, 5, 5, 44, '114'),
(1988, 111, 1, 5, 44, '114'),
(1989, 111, 2, 2, 44, '114'),
(1990, 111, 2, 3, 44, '114'),
(1991, 111, 3, 3, 44, '114'),
(1992, 111, 4, 2, 44, '114'),
(1993, 111, 5, 2, 44, '114'),
(1994, 41, 1, 3, 41, '116'),
(1995, 41, 1, 5, 41, '116'),
(1996, 41, 4, 1, 41, '116'),
(1997, 41, 4, 2, 41, '116'),
(1998, 41, 3, 17, 63, '114'),
(1999, 41, 3, 19, 63, '114'),
(2000, 41, 4, 12, 63, '114'),
(2001, 41, 4, 15, 63, '114'),
(2002, 38, 3, 6, 33, '303'),
(2003, 38, 5, 5, 33, '303'),
(2004, 38, 3, 6, 34, '303'),
(2005, 38, 5, 5, 34, '303'),
(2006, 20, 1, 2, 31, '105'),
(2007, 20, 1, 3, 31, '105'),
(2008, 20, 3, 3, 31, '105'),
(2009, 20, 3, 5, 31, '105'),
(2010, 9, 2, 2, 47, '115'),
(2011, 9, 2, 3, 47, '115'),
(2012, 9, 4, 6, 47, '115'),
(2013, 9, 4, 7, 47, '115'),
(2014, 9, 5, 3, 47, '116'),
(2015, 9, 5, 5, 47, '115'),
(2016, 123, 2, 15, 64, '115'),
(2017, 123, 2, 17, 64, '115'),
(2018, 123, 3, 10, 64, '115'),
(2019, 123, 3, 12, 64, '115'),
(2020, 123, 5, 12, 64, '115'),
(2021, 123, 5, 15, 64, '115'),
(2022, 27, 2, 6, 48, '103'),
(2023, 27, 2, 7, 48, '103'),
(2024, 27, 3, 6, 48, '103'),
(2025, 27, 3, 7, 48, '103'),
(2026, 27, 4, 3, 48, '103'),
(2027, 27, 4, 5, 48, '103'),
(2028, 27, 5, 6, 48, '103'),
(2029, 27, 5, 7, 48, '103'),
(2030, 54, 1, 2, 37, '502'),
(2031, 54, 2, 3, 37, '502'),
(2032, 54, 3, 2, 37, '502'),
(2033, 54, 4, 1, 37, '502'),
(2034, 54, 1, 2, 38, '502'),
(2035, 54, 2, 3, 38, '502'),
(2036, 54, 3, 2, 38, '502'),
(2037, 54, 4, 1, 38, '502'),
(2038, 54, 1, 2, 39, '502'),
(2039, 54, 2, 3, 39, '502'),
(2040, 54, 3, 2, 39, '502'),
(2041, 54, 4, 1, 39, '502'),
(2042, 54, 1, 2, 40, '502'),
(2043, 54, 2, 3, 40, '502'),
(2044, 54, 3, 2, 40, '502'),
(2045, 54, 4, 1, 40, '502'),
(2046, 33, 1, 3, 40, '526'),
(2047, 33, 3, 3, 40, '526'),
(2048, 33, 4, 5, 40, '526'),
(2049, 33, 5, 6, 40, '526'),
(2050, 9, 2, 7, 47, '115'),
(2051, 9, 3, 6, 47, '116'),
(2052, 9, 3, 7, 47, '116'),
(2053, 17, 3, 19, 64, '115'),
(2054, 17, 4, 17, 64, '115'),
(2055, 17, 4, 19, 64, '115'),
(2056, 44, 1, 3, 43, '102'),
(2057, 44, 1, 5, 43, '102'),
(2058, 44, 3, 3, 43, '102'),
(2059, 44, 3, 5, 43, '102'),
(2060, 44, 4, 3, 43, '102'),
(2061, 64, 4, 3, 43, '102'),
(2062, 44, 4, 5, 43, '102'),
(2063, 80, 4, 5, 43, '102'),
(2064, 44, 5, 3, 43, '102'),
(2065, 80, 5, 3, 43, '102'),
(2066, 86, 2, 6, 28, '202'),
(2067, 53, 3, 5, 28, '202'),
(2068, 107, 4, 5, 28, '202'),
(2069, 86, 2, 6, 29, '202'),
(2070, 53, 3, 5, 29, '202'),
(2071, 107, 4, 5, 29, '202'),
(2072, 72, 1, 3, 1, '401'),
(2073, 71, 1, 3, 2, '405'),
(2074, 71, 1, 3, 3, '405'),
(2075, 72, 1, 3, 4, '401'),
(2076, 104, 3, 3, 5, '414'),
(2077, 104, 3, 3, 6, '414'),
(2078, 104, 3, 3, 7, '414'),
(2079, 104, 3, 3, 8, '414'),
(2080, 7, 1, 3, 1, '118'),
(2081, 65, 1, 3, 2, '404'),
(2082, 65, 1, 3, 3, '404'),
(2083, 7, 1, 3, 4, '118'),
(2084, 65, 3, 3, 5, '201'),
(2085, 65, 3, 3, 6, '201'),
(2086, 107, 3, 3, 7, '416'),
(2087, 107, 3, 3, 8, '416'),
(2088, 42, 2, 6, 32, '602'),
(2089, 84, 5, 2, 33, '117'),
(2090, 84, 5, 2, 34, '117'),
(2091, 42, 2, 3, 35, '601'),
(2092, 42, 2, 6, 36, '602'),
(2093, 84, 1, 7, 37, '502'),
(2094, 42, 4, 3, 38, '501'),
(2095, 84, 1, 7, 39, '502'),
(2096, 42, 1, 7, 40, '526'),
(2097, 42, 2, 5, 1, '401'),
(2098, 84, 2, 5, 2, '405'),
(2099, 84, 2, 5, 3, '405'),
(2100, 42, 1, 6, 4, '422'),
(2101, 42, 1, 6, 5, '422'),
(2102, 42, 2, 2, 6, '411'),
(2103, 84, 2, 6, 7, '416'),
(2104, 84, 2, 6, 8, '416'),
(2105, 42, 1, 3, 9, '513'),
(2106, 84, 2, 7, 10, '113'),
(2107, 84, 1, 3, 11, '423'),
(2108, 84, 1, 3, 12, '423'),
(2109, 42, 2, 1, 13, '525'),
(2110, 84, 2, 1, 15, '112'),
(2111, 42, 1, 2, 16, '417'),
(2112, 42, 3, 3, 17, '404'),
(2113, 42, 5, 7, 18, '402'),
(2114, 42, 3, 1, 20, '406'),
(2115, 42, 3, 3, 21, '404'),
(2116, 42, 1, 2, 22, '417'),
(2117, 84, 5, 7, 23, '412'),
(2118, 84, 5, 5, 24, '424'),
(2119, 42, 5, 5, 25, '414'),
(2120, 42, 1, 5, 26, '111'),
(2122, 42, 5, 6, 28, '113'),
(2123, 84, 5, 6, 29, '202'),
(2124, 83, 1, 2, 16, '202'),
(2125, 83, 1, 2, 22, '202'),
(2126, 83, 1, 7, 37, '409'),
(2127, 83, 1, 6, 4, '111'),
(2128, 83, 1, 3, 12, 'TIC1'),
(2129, 83, 1, 3, 14, 'TIC1'),
(2130, 83, 1, 5, 26, '401'),
(2132, 105, 1, 1, 43, '102'),
(2133, 105, 2, 1, 43, '102'),
(2134, 105, 2, 2, 43, '102'),
(2135, 105, 3, 1, 43, '102'),
(2136, 105, 3, 2, 43, '102'),
(2137, 92, 1, 5, 46, '314'),
(2138, 92, 1, 6, 46, '314'),
(2139, 92, 2, 2, 46, '314'),
(2140, 92, 5, 1, 46, '314'),
(2141, 92, 5, 2, 46, '314'),
(2142, 64, 1, 7, 46, '314'),
(2143, 64, 2, 6, 46, '314'),
(2144, 64, 2, 7, 46, '314'),
(2145, 64, 3, 1, 46, '314'),
(2146, 64, 3, 2, 46, '314'),
(2147, 64, 4, 1, 46, '314'),
(2148, 64, 4, 2, 46, '314'),
(2149, 59, 1, 6, 49, '101'),
(2150, 59, 1, 7, 49, '101'),
(2151, 59, 3, 3, 49, '101'),
(2152, 59, 3, 5, 49, '101'),
(2153, 59, 5, 3, 49, '101'),
(2154, 59, 5, 5, 49, '101'),
(2155, 17, 2, 17, 65, '101'),
(2156, 17, 2, 19, 65, '101'),
(2157, 17, 3, 10, 65, '101'),
(2158, 17, 3, 12, 65, '101'),
(2159, 17, 5, 17, 65, '101'),
(2160, 17, 5, 19, 65, '101'),
(2161, 80, 1, 6, 48, '103'),
(2162, 80, 1, 7, 48, '103'),
(2163, 80, 2, 3, 48, '103'),
(2164, 80, 2, 5, 48, '103'),
(2165, 80, 5, 1, 48, '103'),
(2166, 80, 5, 2, 48, '103'),
(2167, 105, 1, 2, 46, '314'),
(2168, 105, 1, 3, 46, '314'),
(2169, 105, 3, 3, 46, '314'),
(2170, 105, 3, 5, 46, '314'),
(2171, 105, 4, 3, 46, '314'),
(2172, 105, 4, 5, 46, '314'),
(2173, 105, 5, 5, 46, '314'),
(2174, 50, 1, 6, 13, '407'),
(2175, 50, 3, 6, 13, '407'),
(2176, 50, 1, 6, 14, '407'),
(2177, 50, 3, 6, 14, '407'),
(2178, 50, 1, 6, 15, '407'),
(2179, 50, 3, 6, 15, '407'),
(2180, 53, 2, 5, 16, '407'),
(2181, 53, 5, 5, 16, '407'),
(2182, 53, 2, 5, 17, '407'),
(2183, 53, 5, 5, 17, '407'),
(2184, 53, 2, 5, 18, '407'),
(2185, 53, 5, 5, 18, '407'),
(2186, 53, 2, 5, 20, '407'),
(2187, 53, 5, 5, 20, '407'),
(2188, 53, 2, 5, 21, '407'),
(2189, 53, 5, 5, 21, '407'),
(2190, 53, 2, 5, 22, '407'),
(2191, 53, 5, 5, 22, '407'),
(2192, 53, 2, 5, 23, '407'),
(2193, 53, 5, 5, 23, '407'),
(2194, 19, 1, 5, 30, '203'),
(2195, 19, 1, 6, 30, '203'),
(2196, 19, 2, 2, 30, '203'),
(2197, 19, 2, 3, 30, '203'),
(2198, 19, 3, 2, 30, '203'),
(2199, 19, 4, 3, 30, '203'),
(2200, 19, 5, 2, 30, '203'),
(2201, 80, 3, 13, 58, 'TIC3'),
(2202, 9, 2, 1, 41, '116'),
(2203, 9, 5, 1, 41, '115'),
(2204, 9, 5, 2, 41, '115'),
(2205, 17, 1, 17, 63, '114'),
(2206, 17, 1, 19, 63, '114'),
(2207, 17, 5, 15, 63, '114'),
(2208, 81, 1, 2, 37, '415'),
(2209, 81, 2, 3, 37, '415'),
(2210, 81, 3, 2, 37, '415'),
(2211, 81, 4, 1, 37, '415'),
(2212, 44, 3, 6, 24, 'TIC1'),
(2213, 44, 4, 2, 24, 'TIC1'),
(2214, 44, 5, 6, 24, 'TIC1'),
(2215, 44, 3, 6, 25, 'TIC1'),
(2217, 44, 5, 6, 25, 'TIC1'),
(2218, 92, 3, 6, 26, 'TIC2'),
(2219, 92, 4, 2, 26, 'TIC2'),
(2220, 92, 5, 6, 26, 'TIC2'),
(2224, 92, 2, 6, 28, 'TIC2'),
(2225, 92, 3, 5, 28, 'TIC2'),
(2226, 92, 4, 5, 28, 'TIC2'),
(2227, 92, 2, 6, 29, 'TIC2'),
(2228, 92, 3, 5, 29, 'TIC2'),
(2229, 92, 4, 5, 29, 'TIC2'),
(2230, 80, 3, 16, 55, 'TIC3'),
(2231, 80, 3, 18, 55, 'TIC3'),
(2232, 44, 3, 7, 32, 'TIC1'),
(2233, 115, 3, 7, 32, 'TIC2'),
(2234, 44, 5, 2, 32, 'TIC1'),
(2235, 115, 5, 2, 32, 'TIC2'),
(2236, 44, 2, 5, 33, 'TIC1'),
(2237, 115, 2, 5, 33, 'TIC2'),
(2238, 44, 5, 7, 33, 'TIC1'),
(2239, 115, 5, 7, 33, 'TIC2'),
(2240, 80, 2, 7, 34, 'TIC2'),
(2241, 44, 2, 7, 34, 'TIC1'),
(2242, 80, 4, 6, 34, 'TIC2'),
(2243, 44, 4, 6, 34, 'TIC1'),
(2244, 80, 2, 2, 35, 'TIC2'),
(2245, 44, 2, 2, 35, 'TIC1'),
(2246, 80, 4, 7, 35, 'TIC2'),
(2247, 44, 4, 7, 35, 'TIC1'),
(2248, 92, 1, 2, 37, 'TIC3'),
(2249, 92, 2, 3, 37, 'TIC3'),
(2250, 92, 3, 2, 37, 'TIC3'),
(2251, 92, 4, 1, 37, 'TIC3'),
(2252, 92, 1, 2, 38, 'TIC3'),
(2253, 92, 2, 3, 38, 'TIC3'),
(2254, 92, 3, 2, 38, 'TIC3'),
(2255, 92, 4, 1, 38, 'TIC3'),
(2256, 92, 1, 2, 39, 'TIC3'),
(2257, 92, 2, 3, 39, 'TIC3'),
(2258, 92, 3, 2, 39, 'TIC3'),
(2259, 92, 4, 1, 39, 'TIC3'),
(2260, 92, 1, 2, 40, 'TIC3'),
(2261, 92, 2, 3, 40, 'TIC3'),
(2262, 92, 3, 2, 40, 'TIC3'),
(2263, 92, 4, 1, 40, 'TIC3'),
(2264, 93, 1, 5, 13, '510'),
(2265, 93, 2, 6, 13, '510'),
(2266, 93, 5, 2, 13, '510'),
(2267, 93, 1, 5, 14, '510'),
(2268, 93, 2, 6, 14, '510'),
(2269, 93, 5, 2, 14, '510'),
(2270, 93, 1, 1, 9, '301'),
(2271, 93, 2, 1, 9, '301'),
(2272, 93, 4, 6, 9, '301'),
(2273, 93, 1, 6, 10, '301'),
(2274, 93, 3, 2, 10, '301'),
(2275, 93, 4, 3, 10, '113'),
(2276, 93, 2, 5, 11, '301'),
(2277, 93, 4, 2, 11, '301'),
(2278, 93, 5, 1, 11, '301'),
(2279, 109, 1, 7, 12, '425'),
(2280, 109, 3, 7, 12, '425'),
(2281, 109, 5, 7, 12, '301'),
(2282, 109, 1, 5, 13, '525'),
(2283, 109, 2, 6, 13, '525'),
(2284, 109, 5, 2, 13, '301'),
(2285, 55, 1, 5, 14, '301'),
(2286, 55, 2, 6, 14, '521'),
(2287, 55, 5, 2, 14, '521'),
(2288, 93, 1, 2, 15, '301'),
(2289, 93, 2, 2, 15, '301'),
(2290, 93, 5, 5, 15, '301'),
(2291, 55, 2, 3, 16, 'TIC1'),
(2292, 55, 4, 5, 16, '201'),
(2293, 55, 5, 6, 16, '301'),
(2294, 109, 2, 3, 17, '510'),
(2295, 109, 4, 5, 17, 'TIC1'),
(2296, 109, 5, 6, 17, '404'),
(2297, 109, 2, 7, 18, '301'),
(2298, 109, 3, 3, 18, 'TIC1'),
(2299, 109, 4, 7, 18, '402'),
(2300, 55, 1, 2, 20, 'TIC1'),
(2301, 55, 3, 3, 20, '301'),
(2302, 55, 4, 3, 20, '406'),
(2303, 49, 1, 1, 21, 'TIC1'),
(2304, 49, 3, 1, 21, '301'),
(2305, 49, 5, 7, 21, '514'),
(2306, 49, 2, 1, 22, '417'),
(2307, 49, 4, 3, 22, '301'),
(2308, 49, 5, 1, 22, 'TIC1'),
(2309, 49, 2, 2, 23, '412'),
(2310, 49, 4, 7, 23, '301'),
(2311, 49, 5, 3, 23, 'TIC1'),
(2312, 93, 2, 3, 16, '512'),
(2313, 93, 4, 5, 16, '512'),
(2314, 93, 5, 6, 16, '512'),
(2315, 93, 2, 3, 17, '512'),
(2316, 93, 4, 5, 17, '512'),
(2317, 93, 5, 6, 17, '512'),
(2318, 55, 1, 3, 29, '301'),
(2319, 55, 3, 2, 29, '202'),
(2320, 55, 5, 5, 29, '202'),
(2321, 55, 3, 1, 5, '411'),
(2322, 55, 5, 3, 5, '301'),
(2323, 55, 3, 1, 6, '411'),
(2324, 55, 5, 3, 6, '301'),
(2325, 113, 3, 6, 35, '301'),
(2326, 113, 5, 6, 35, '201'),
(2327, 49, 1, 2, 40, '409'),
(2328, 49, 2, 3, 40, '409'),
(2329, 49, 3, 2, 40, '409'),
(2330, 49, 4, 1, 40, '409'),
(2331, 111, 1, 3, 30, '203'),
(2332, 111, 2, 6, 30, '203'),
(2333, 111, 3, 5, 30, '203'),
(2334, 111, 3, 6, 30, '203'),
(2335, 111, 4, 1, 30, '203'),
(2336, 111, 5, 3, 30, '203'),
(2337, 111, 5, 5, 30, '203'),
(2338, 98, 1, 1, 44, '114'),
(2339, 98, 1, 2, 44, '114'),
(2340, 98, 2, 5, 44, '114'),
(2341, 98, 2, 6, 44, '114'),
(2342, 98, 3, 5, 44, '114'),
(2343, 98, 5, 1, 44, '114'),
(2344, 20, 1, 6, 41, '115'),
(2345, 20, 1, 7, 41, '115'),
(2346, 20, 2, 5, 41, '115'),
(2347, 20, 2, 6, 41, '115'),
(2348, 20, 3, 6, 41, '115'),
(2349, 20, 3, 7, 41, '115'),
(2350, 20, 4, 5, 41, '115'),
(2351, 62, 1, 12, 63, '114'),
(2352, 62, 1, 15, 63, '114'),
(2353, 62, 3, 8, 63, '114'),
(2354, 62, 4, 8, 63, '114'),
(2355, 62, 4, 10, 63, '114'),
(2356, 62, 5, 8, 63, '114'),
(2357, 62, 5, 10, 63, '114'),
(2358, 7, 4, 7, 1, '401'),
(2359, 106, 3, 3, 2, '403'),
(2360, 66, 4, 5, 3, '405'),
(2361, 13, 4, 7, 4, '422'),
(2362, 53, 1, 1, 5, '426'),
(2363, 46, 5, 5, 6, '411'),
(2364, 100, 1, 3, 7, '413'),
(2365, 39, 2, 2, 8, '416'),
(2366, 75, 2, 7, 9, '513'),
(2367, 71, 3, 1, 10, '113'),
(2368, 110, 3, 7, 11, '423'),
(2369, 3, 3, 3, 12, '425'),
(2370, 29, 4, 6, 13, '525'),
(2371, 10, 4, 6, 14, '521'),
(2372, 45, 4, 2, 15, '112'),
(2373, 20, 5, 7, 31, '105'),
(2374, 5, 1, 3, 16, '201'),
(2375, 36, 1, 2, 17, '404'),
(2376, 21, 1, 6, 18, '402'),
(2377, 104, 4, 1, 20, '406'),
(2378, 94, 4, 5, 21, '514'),
(2379, 95, 3, 2, 22, '417'),
(2380, 26, 3, 1, 23, '412'),
(2381, 70, 5, 1, 16, '302'),
(2382, 70, 5, 1, 17, '302'),
(2383, 119, 4, 7, 24, '424'),
(2384, 99, 1, 5, 25, '414'),
(2385, 40, 5, 1, 26, '111'),
(2387, 16, 5, 3, 28, '522'),
(2388, 102, 1, 6, 29, '202'),
(2389, 19, 4, 7, 30, '203'),
(2390, 56, 2, 7, 13, '524'),
(2391, 56, 2, 7, 14, '524'),
(2392, 20, 4, 2, 31, '105'),
(2393, 108, 2, 5, 1, '422'),
(2394, 88, 2, 5, 2, '403'),
(2395, 108, 2, 5, 3, '422'),
(2396, 119, 1, 6, 4, '426'),
(2397, 119, 1, 6, 5, '426'),
(2398, 54, 2, 2, 6, '513'),
(2399, 95, 2, 6, 7, '413'),
(2400, 88, 2, 6, 8, '411'),
(2401, 75, 1, 3, 9, '202'),
(2402, 75, 1, 3, 11, '202'),
(2403, 30, 1, 3, 12, '425'),
(2404, 75, 2, 1, 13, '521'),
(2405, 88, 1, 3, 14, '521'),
(2406, 117, 1, 3, 14, 'TIC2'),
(2407, 75, 2, 1, 15, '521'),
(2408, 30, 1, 2, 16, '201'),
(2409, 31, 3, 3, 17, '514'),
(2410, 30, 5, 7, 18, '425'),
(2411, 31, 3, 3, 21, '514'),
(2412, 30, 1, 2, 22, '201'),
(2413, 30, 5, 7, 23, '425'),
(2414, 67, 5, 5, 24, '422'),
(2415, 67, 5, 5, 25, '422'),
(2416, 67, 1, 5, 26, '403'),
(2418, 67, 5, 6, 28, '405'),
(2419, 67, 5, 6, 29, '405'),
(2420, 29, 3, 1, 36, '211'),
(2421, 29, 3, 2, 36, '211'),
(2503, 22, 3, 6, 51, 'Sin asignar o sin aula'),
(2504, 22, 4, 7, 51, 'Sin asignar o sin aula'),
(2505, 124, 3, 4, 71, 'Sin asignar o sin aula'),
(2528, 13, 1, 5, 1, 'inventada'),
(2529, 13, 1, 5, 2, 'inventada'),
(2537, 44, 4, 2, 25, 'inventada'),
(2539, 44, 5, 6, 27, 'inventada'),
(2542, 44, 4, 2, 27, 'inventada'),
(2543, 22, 1, 1, 17, 'inventada');

-- --------------------------------------------------------

--
-- Estructura de tabla para la tabla `usuarios`
--

CREATE TABLE `usuarios` (
  `id_usuario` int(11) NOT NULL,
  `nombre` varchar(50) COLLATE utf8_spanish2_ci NOT NULL,
  `usuario` varchar(20) COLLATE utf8_spanish2_ci NOT NULL,
  `clave` varchar(50) COLLATE utf8_spanish2_ci NOT NULL,
  `email` varchar(50) COLLATE utf8_spanish2_ci DEFAULT NULL,
  `tipo` enum('admin','normal') COLLATE utf8_spanish2_ci NOT NULL DEFAULT 'normal'
) ENGINE=InnoDB DEFAULT CHARSET=utf8 COLLATE=utf8_spanish2_ci;

--
-- Volcado de datos para la tabla `usuarios`
--

INSERT INTO `usuarios` (`id_usuario`, `nombre`, `usuario`, `clave`, `email`, `tipo`) VALUES
(1, 'Apellido1 Apellido2, NOMBRE1', 'profesor1', 'e10adc3949ba59abbe56e057f20f883e', NULL, 'normal'),
(2, 'Apellido1 Apellido2, NOMBRE2', 'profesor2', 'e10adc3949ba59abbe56e057f20f883e', NULL, 'normal'),
(3, 'Apellido1 Apellido2, NOMBRE3', 'profesor3', 'e10adc3949ba59abbe56e057f20f883e', NULL, 'normal'),
(4, 'Apellido1 Apellido2, NOMBRE4', 'profesor4', 'e10adc3949ba59abbe56e057f20f883e', NULL, 'normal'),
(5, 'Apellido1 Apellido2, NOMBRE5', 'profesor5', 'e10adc3949ba59abbe56e057f20f883e', NULL, 'normal'),
(6, 'Apellido1 Apellido2, NOMBRE6', 'profesor6', 'e10adc3949ba59abbe56e057f20f883e', NULL, 'normal'),
(7, 'Apellido1 Apellido2, NOMBRE7', 'profesor7', 'e10adc3949ba59abbe56e057f20f883e', NULL, 'normal'),
(8, 'Apellido1 Apellido2, NOMBRE8', 'profesor8', 'e10adc3949ba59abbe56e057f20f883e', NULL, 'normal'),
(9, 'Apellido1 Apellido2, NOMBRE9', 'profesor9', 'e10adc3949ba59abbe56e057f20f883e', NULL, 'normal'),
(10, 'Apellido1 Apellido2, NOMBRE10', 'profesor10', 'e10adc3949ba59abbe56e057f20f883e', NULL, 'normal'),
(11, 'Apellido1 Apellido2, NOMBRE11', 'profesor11', 'e10adc3949ba59abbe56e057f20f883e', NULL, 'normal'),
(12, 'Apellido1 Apellido2, NOMBRE12', 'profesor12', 'e10adc3949ba59abbe56e057f20f883e', NULL, 'normal'),
(13, 'Apellido1 Apellido2, NOMBRE13', 'profesor13', 'e10adc3949ba59abbe56e057f20f883e', NULL, 'normal'),
(14, 'Apellido1 Apellido2, NOMBRE14', 'profesor14', 'e10adc3949ba59abbe56e057f20f883e', NULL, 'normal'),
(15, 'Apellido1 Apellido2, NOMBRE15', 'profesor15', 'e10adc3949ba59abbe56e057f20f883e', NULL, 'normal'),
(16, 'Apellido1 Apellido2, NOMBRE16', 'profesor16', 'e10adc3949ba59abbe56e057f20f883e', NULL, 'normal'),
(17, 'Apellido1 Apellido2, NOMBRE17', 'profesor17', 'e10adc3949ba59abbe56e057f20f883e', NULL, 'normal'),
(18, 'Apellido1 Apellido2, NOMBRE18', 'profesor18', 'e10adc3949ba59abbe56e057f20f883e', NULL, 'normal'),
(19, 'Apellido1 Apellido2, NOMBRE19', 'profesor19', 'e10adc3949ba59abbe56e057f20f883e', NULL, 'normal'),
(20, 'Apellido1 Apellido2, NOMBRE20', 'profesor20', 'e10adc3949ba59abbe56e057f20f883e', NULL, 'normal'),
(21, 'Apellido1 Apellido2, NOMBRE21', 'profesor21', 'e10adc3949ba59abbe56e057f20f883e', NULL, 'normal'),
(22, 'Apellido1 Apellido2, NOMBRE22', 'profesor22', 'e10adc3949ba59abbe56e057f20f883e', NULL, 'normal'),
(23, 'Apellido1 Apellido2, NOMBRE23', 'profesor23', 'e10adc3949ba59abbe56e057f20f883e', NULL, 'normal'),
(24, 'Apellido1 Apellido2, NOMBRE24', 'profesor24', 'e10adc3949ba59abbe56e057f20f883e', NULL, 'normal'),
(25, 'Apellido1 Apellido2, NOMBRE25', 'profesor25', 'e10adc3949ba59abbe56e057f20f883e', NULL, 'normal'),
(26, 'Apellido1 Apellido2, NOMBRE26', 'profesor26', 'e10adc3949ba59abbe56e057f20f883e', NULL, 'normal'),
(27, 'Apellido1 Apellido2, NOMBRE27', 'profesor27', 'e10adc3949ba59abbe56e057f20f883e', NULL, 'normal'),
(28, 'Apellido1 Apellido2, NOMBRE28', 'profesor28', 'e10adc3949ba59abbe56e057f20f883e', NULL, 'normal'),
(29, 'Apellido1 Apellido2, NOMBRE29', 'profesor29', 'e10adc3949ba59abbe56e057f20f883e', NULL, 'normal'),
(30, 'Apellido1 Apellido2, NOMBRE30', 'profesor30', 'e10adc3949ba59abbe56e057f20f883e', NULL, 'normal'),
(31, 'Apellido1 Apellido2, NOMBRE31', 'profesor31', 'e10adc3949ba59abbe56e057f20f883e', NULL, 'normal'),
(32, 'Apellido1 Apellido2, NOMBRE32', 'profesor32', 'e10adc3949ba59abbe56e057f20f883e', NULL, 'normal'),
(33, 'Apellido1 Apellido2, NOMBRE33', 'profesor33', 'e10adc3949ba59abbe56e057f20f883e', NULL, 'normal'),
(34, 'Apellido1 Apellido2, NOMBRE34', 'profesor34', 'e10adc3949ba59abbe56e057f20f883e', NULL, 'normal'),
(35, 'Apellido1 Apellido2, NOMBRE35', 'profesor35', 'e10adc3949ba59abbe56e057f20f883e', NULL, 'normal'),
(36, 'Apellido1 Apellido2, NOMBRE36', 'profesor36', 'e10adc3949ba59abbe56e057f20f883e', NULL, 'normal'),
(37, 'Apellido1 Apellido2, NOMBRE37', 'profesor37', 'e10adc3949ba59abbe56e057f20f883e', NULL, 'normal'),
(38, 'Apellido1 Apellido2, NOMBRE38', 'profesor38', 'e10adc3949ba59abbe56e057f20f883e', NULL, 'normal'),
(39, 'Apellido1 Apellido2, NOMBRE39', 'profesor39', 'e10adc3949ba59abbe56e057f20f883e', NULL, 'normal'),
(40, 'Apellido1 Apellido2, NOMBRE40', 'profesor40', 'e10adc3949ba59abbe56e057f20f883e', NULL, 'normal'),
(41, 'Apellido1 Apellido2, NOMBRE41', 'profesor41', 'e10adc3949ba59abbe56e057f20f883e', NULL, 'normal'),
(42, 'Apellido1 Apellido2, NOMBRE42', 'profesor42', 'e10adc3949ba59abbe56e057f20f883e', NULL, 'normal'),
(43, 'Apellido1 Apellido2, NOMBRE43', 'profesor43', 'e10adc3949ba59abbe56e057f20f883e', NULL, 'normal'),
(44, 'Apellido1 Apellido2, NOMBRE44', 'profesor44', 'e10adc3949ba59abbe56e057f20f883e', NULL, 'normal'),
(45, 'Apellido1 Apellido2, NOMBRE45', 'profesor45', 'e10adc3949ba59abbe56e057f20f883e', NULL, 'normal'),
(46, 'Apellido1 Apellido2, NOMBRE46', 'profesor46', 'e10adc3949ba59abbe56e057f20f883e', NULL, 'normal'),
(47, 'Apellido1 Apellido2, NOMBRE47', 'profesor47', 'e10adc3949ba59abbe56e057f20f883e', NULL, 'normal'),
(48, 'Apellido1 Apellido2, NOMBRE48', 'profesor48', 'e10adc3949ba59abbe56e057f20f883e', NULL, 'normal'),
(49, 'Apellido1 Apellido2, NOMBRE49', 'profesor49', 'e10adc3949ba59abbe56e057f20f883e', NULL, 'normal'),
(50, 'Apellido1 Apellido2, NOMBRE50', 'profesor50', 'e10adc3949ba59abbe56e057f20f883e', NULL, 'normal'),
(51, 'Apellido1 Apellido2, NOMBRE51', 'profesor51', 'e10adc3949ba59abbe56e057f20f883e', NULL, 'normal'),
(52, 'Apellido1 Apellido2, NOMBRE52', 'profesor52', 'e10adc3949ba59abbe56e057f20f883e', NULL, 'normal'),
(53, 'Apellido1 Apellido2, NOMBRE53', 'profesor53', 'e10adc3949ba59abbe56e057f20f883e', NULL, 'normal'),
(54, 'Apellido1 Apellido2, NOMBRE54', 'profesor54', 'e10adc3949ba59abbe56e057f20f883e', NULL, 'normal'),
(55, 'Apellido1 Apellido2, NOMBRE55', 'profesor55', 'e10adc3949ba59abbe56e057f20f883e', NULL, 'normal'),
(56, 'Apellido1 Apellido2, NOMBRE56', 'profesor56', 'e10adc3949ba59abbe56e057f20f883e', NULL, 'normal'),
(57, 'Apellido1 Apellido2, NOMBRE57', 'profesor57', 'e10adc3949ba59abbe56e057f20f883e', NULL, 'normal'),
(58, 'Apellido1 Apellido2, NOMBRE58', 'profesor58', 'e10adc3949ba59abbe56e057f20f883e', NULL, 'normal'),
(59, 'Apellido1 Apellido2, NOMBRE59', 'profesor59', 'e10adc3949ba59abbe56e057f20f883e', NULL, 'normal'),
(60, 'Apellido1 Apellido2, NOMBRE60', 'profesor60', 'e10adc3949ba59abbe56e057f20f883e', NULL, 'normal'),
(61, 'Apellido1 Apellido2, NOMBRE61', 'profesor61', 'e10adc3949ba59abbe56e057f20f883e', NULL, 'normal'),
(62, 'Apellido1 Apellido2, NOMBRE62', 'profesor62', 'e10adc3949ba59abbe56e057f20f883e', NULL, 'normal'),
(63, 'Apellido1 Apellido2, NOMBRE63', 'profesor63', 'e10adc3949ba59abbe56e057f20f883e', NULL, 'normal'),
(64, 'Apellido1 Apellido2, NOMBRE64', 'profesor64', 'e10adc3949ba59abbe56e057f20f883e', NULL, 'normal'),
(65, 'Apellido1 Apellido2, NOMBRE65', 'profesor65', 'e10adc3949ba59abbe56e057f20f883e', NULL, 'normal'),
(66, 'Apellido1 Apellido2, NOMBRE66', 'profesor66', 'e10adc3949ba59abbe56e057f20f883e', NULL, 'normal'),
(67, 'Apellido1 Apellido2, NOMBRE67', 'profesor67', 'e10adc3949ba59abbe56e057f20f883e', NULL, 'normal'),
(68, 'Apellido1 Apellido2, NOMBRE68', 'profesor68', 'e10adc3949ba59abbe56e057f20f883e', NULL, 'normal'),
(69, 'Apellido1 Apellido2, NOMBRE69', 'profesor69', 'e10adc3949ba59abbe56e057f20f883e', NULL, 'normal'),
(70, 'Apellido1 Apellido2, NOMBRE70', 'profesor70', 'e10adc3949ba59abbe56e057f20f883e', NULL, 'normal'),
(71, 'Apellido1 Apellido2, NOMBRE71', 'profesor71', 'e10adc3949ba59abbe56e057f20f883e', NULL, 'normal'),
(72, 'Apellido1 Apellido2, NOMBRE72', 'profesor72', 'e10adc3949ba59abbe56e057f20f883e', NULL, 'normal'),
(73, 'Apellido1 Apellido2, NOMBRE73', 'profesor73', 'e10adc3949ba59abbe56e057f20f883e', NULL, 'normal'),
(74, 'Apellido1 Apellido2, NOMBRE74', 'profesor74', 'e10adc3949ba59abbe56e057f20f883e', NULL, 'normal'),
(75, 'Apellido1 Apellido2, NOMBRE75', 'profesor75', 'e10adc3949ba59abbe56e057f20f883e', NULL, 'normal'),
(76, 'Apellido1 Apellido2, NOMBRE76', 'profesor76', 'e10adc3949ba59abbe56e057f20f883e', NULL, 'normal'),
(77, 'Apellido1 Apellido2, NOMBRE77', 'profesor77', 'e10adc3949ba59abbe56e057f20f883e', NULL, 'normal'),
(78, 'Apellido1 Apellido2, NOMBRE78', 'profesor78', 'e10adc3949ba59abbe56e057f20f883e', NULL, 'normal'),
(79, 'Apellido1 Apellido2, NOMBRE79', 'profesor79', 'e10adc3949ba59abbe56e057f20f883e', NULL, 'normal'),
(80, 'Apellido1 Apellido2, NOMBRE80', 'profesor80', 'e10adc3949ba59abbe56e057f20f883e', NULL, 'normal'),
(81, 'Apellido1 Apellido2, NOMBRE81', 'profesor81', 'e10adc3949ba59abbe56e057f20f883e', NULL, 'normal'),
(82, 'Apellido1 Apellido2, NOMBRE82', 'profesor82', 'e10adc3949ba59abbe56e057f20f883e', NULL, 'normal'),
(83, 'Apellido1 Apellido2, NOMBRE83', 'profesor83', 'e10adc3949ba59abbe56e057f20f883e', NULL, 'normal'),
(84, 'Apellido1 Apellido2, NOMBRE84', 'profesor84', 'e10adc3949ba59abbe56e057f20f883e', NULL, 'normal'),
(85, 'Apellido1 Apellido2, NOMBRE85', 'profesor85', 'e10adc3949ba59abbe56e057f20f883e', NULL, 'normal'),
(86, 'Apellido1 Apellido2, NOMBRE86', 'profesor86', 'e10adc3949ba59abbe56e057f20f883e', NULL, 'normal'),
(87, 'Apellido1 Apellido2, NOMBRE87', 'profesor87', 'e10adc3949ba59abbe56e057f20f883e', NULL, 'normal'),
(88, 'Apellido1 Apellido2, NOMBRE88', 'profesor88', 'e10adc3949ba59abbe56e057f20f883e', NULL, 'normal'),
(89, 'Apellido1 Apellido2, NOMBRE89', 'profesor89', 'e10adc3949ba59abbe56e057f20f883e', NULL, 'normal'),
(90, 'Apellido1 Apellido2, NOMBRE90', 'profesor90', 'e10adc3949ba59abbe56e057f20f883e', NULL, 'normal'),
(91, 'Apellido1 Apellido2, NOMBRE91', 'profesor91', 'e10adc3949ba59abbe56e057f20f883e', NULL, 'normal'),
(92, 'Apellido1 Apellido2, NOMBRE92', 'profesor92', 'e10adc3949ba59abbe56e057f20f883e', NULL, 'normal'),
(93, 'Apellido1 Apellido2, NOMBRE93', 'profesor93', 'e10adc3949ba59abbe56e057f20f883e', NULL, 'normal'),
(94, 'Apellido1 Apellido2, NOMBRE94', 'profesor94', 'e10adc3949ba59abbe56e057f20f883e', NULL, 'normal'),
(95, 'Apellido1 Apellido2, NOMBRE95', 'profesor95', 'e10adc3949ba59abbe56e057f20f883e', NULL, 'normal'),
(96, 'Apellido1 Apellido2, NOMBRE96', 'profesor96', 'e10adc3949ba59abbe56e057f20f883e', NULL, 'normal'),
(97, 'Apellido1 Apellido2, NOMBRE97', 'profesor97', 'e10adc3949ba59abbe56e057f20f883e', NULL, 'normal'),
(98, 'Apellido1 Apellido2, NOMBRE98', 'profesor98', 'e10adc3949ba59abbe56e057f20f883e', NULL, 'normal'),
(99, 'Apellido1 Apellido2, NOMBRE99', 'profesor99', 'e10adc3949ba59abbe56e057f20f883e', NULL, 'normal'),
(100, 'Apellido1 Apellido2, NOMBRE100', 'profesor100', 'e10adc3949ba59abbe56e057f20f883e', NULL, 'normal'),
(101, 'Apellido1 Apellido2, NOMBRE101', 'profesor101', 'e10adc3949ba59abbe56e057f20f883e', NULL, 'normal'),
(102, 'Apellido1 Apellido2, NOMBRE102', 'profesor102', 'e10adc3949ba59abbe56e057f20f883e', NULL, 'normal'),
(103, 'Apellido1 Apellido2, NOMBRE103', 'profesor103', 'e10adc3949ba59abbe56e057f20f883e', NULL, 'normal'),
(104, 'Apellido1 Apellido2, NOMBRE104', 'profesor104', 'e10adc3949ba59abbe56e057f20f883e', NULL, 'normal'),
(105, 'Apellido1 Apellido2, NOMBRE105', 'profesor105', 'e10adc3949ba59abbe56e057f20f883e', NULL, 'normal'),
(106, 'Apellido1 Apellido2, NOMBRE106', 'profesor106', 'e10adc3949ba59abbe56e057f20f883e', NULL, 'normal'),
(107, 'Apellido1 Apellido2, NOMBRE107', 'profesor107', 'e10adc3949ba59abbe56e057f20f883e', NULL, 'normal'),
(108, 'Apellido1 Apellido2, NOMBRE108', 'profesor108', 'e10adc3949ba59abbe56e057f20f883e', NULL, 'normal'),
(109, 'Apellido1 Apellido2, NOMBRE109', 'profesor109', 'e10adc3949ba59abbe56e057f20f883e', NULL, 'normal'),
(110, 'Apellido1 Apellido2, NOMBRE110', 'profesor110', 'e10adc3949ba59abbe56e057f20f883e', NULL, 'normal'),
(111, 'Apellido1 Apellido2, NOMBRE111', 'profesor111', 'e10adc3949ba59abbe56e057f20f883e', NULL, 'normal'),
(112, 'Apellido1 Apellido2, NOMBRE112', 'profesor112', 'e10adc3949ba59abbe56e057f20f883e', NULL, 'normal'),
(113, 'Apellido1 Apellido2, NOMBRE113', 'profesor113', 'e10adc3949ba59abbe56e057f20f883e', NULL, 'normal'),
(114, 'Apellido1 Apellido2, NOMBRE114', 'profesor114', 'e10adc3949ba59abbe56e057f20f883e', NULL, 'normal'),
(115, 'Apellido1 Apellido2, NOMBRE115', 'profesor115', 'e10adc3949ba59abbe56e057f20f883e', NULL, 'normal'),
(116, 'Apellido1 Apellido2, NOMBRE116', 'profesor116', 'e10adc3949ba59abbe56e057f20f883e', NULL, 'normal'),
(117, 'Apellido1 Apellido2, NOMBRE117', 'profesor117', 'e10adc3949ba59abbe56e057f20f883e', NULL, 'normal'),
(118, 'Apellido1 Apellido2, NOMBRE118', 'profesor118', 'e10adc3949ba59abbe56e057f20f883e', NULL, 'normal'),
(119, 'Apellido1 Apellido2, NOMBRE119', 'profesor119', 'e10adc3949ba59abbe56e057f20f883e', NULL, 'normal'),
(120, 'Apellido1 Apellido2, NOMBRE120', 'profesor120', 'e10adc3949ba59abbe56e057f20f883e', NULL, 'normal'),
(121, 'Apellido1 Apellido2, NOMBRE121', 'profesor121', 'e10adc3949ba59abbe56e057f20f883e', NULL, 'normal'),
(122, 'Apellido1 Apellido2, NOMBRE122', 'profesor122', 'e10adc3949ba59abbe56e057f20f883e', NULL, 'normal'),
(123, 'Apellido1 Apellido2, NOMBRE123', 'profesor123', 'e10adc3949ba59abbe56e057f20f883e', NULL, 'normal'),
(124, 'Apellido1 Apellido2, NOMBRE124', 'profesor124', 'e10adc3949ba59abbe56e057f20f883e', NULL, 'normal'),
(126, 'Administrador', 'admin', 'e10adc3949ba59abbe56e057f20f883e', NULL, 'admin');

--
-- Índices para tablas volcadas
--

--
-- Indices de la tabla `grupos`
--
ALTER TABLE `grupos`
  ADD PRIMARY KEY (`id_grupo`);

--
-- Indices de la tabla `horario_lectivo`
--
ALTER TABLE `horario_lectivo`
  ADD PRIMARY KEY (`id_horario`),
  ADD KEY `usuario` (`usuario`),
  ADD KEY `grupo` (`grupo`);

--
-- Indices de la tabla `usuarios`
--
ALTER TABLE `usuarios`
  ADD PRIMARY KEY (`id_usuario`);

--
-- AUTO_INCREMENT de las tablas volcadas
--

--
-- AUTO_INCREMENT de la tabla `grupos`
--
ALTER TABLE `grupos`
  MODIFY `id_grupo` int(11) NOT NULL AUTO_INCREMENT, AUTO_INCREMENT=184;

--
-- AUTO_INCREMENT de la tabla `horario_lectivo`
--
ALTER TABLE `horario_lectivo`
  MODIFY `id_horario` int(11) NOT NULL AUTO_INCREMENT, AUTO_INCREMENT=2544;

--
-- AUTO_INCREMENT de la tabla `usuarios`
--
ALTER TABLE `usuarios`
  MODIFY `id_usuario` int(11) NOT NULL AUTO_INCREMENT, AUTO_INCREMENT=127;

--
-- Restricciones para tablas volcadas
--

--
-- Filtros para la tabla `horario_lectivo`
--
ALTER TABLE `horario_lectivo`
  ADD CONSTRAINT `horario_lectivo_ibfk_1` FOREIGN KEY (`usuario`) REFERENCES `usuarios` (`id_usuario`) ON DELETE NO ACTION ON UPDATE CASCADE,
  ADD CONSTRAINT `horario_lectivo_ibfk_2` FOREIGN KEY (`grupo`) REFERENCES `grupos` (`id_grupo`) ON DELETE NO ACTION ON UPDATE CASCADE;
COMMIT;

/*!40101 SET CHARACTER_SET_CLIENT=@OLD_CHARACTER_SET_CLIENT */;
/*!40101 SET CHARACTER_SET_RESULTS=@OLD_CHARACTER_SET_RESULTS */;
/*!40101 SET COLLATION_CONNECTION=@OLD_COLLATION_CONNECTION */;
